IM_num	IM	category	source	f1_Score	pval
0	DDE_Tnp_1_3	functional	pfam	0.9824561403508772	2.0654094729333352e-116
2	Tryptophan	functional	kegg	1.0	0.0
3	UC-2	uncharacterized		0.8387096774193548	5.084692336775718e-32
4	SG-0124	single_gene		0.8571428571428571	5.3849536497725004e-24
5	tRNA	functional	kegg	0.898876404494382	6.019388902000684e-82
6	AbrB-Related	functional	genes_present	0.7272727272727273	1.1722114743139128e-11
8	SigD	orthoICA	ec	0.9793103448275862	1.4728940397815209e-139
9	UC-6	uncharacterized		0.9090909090909092	3.4563216108327072e-15
10	FABI-III/FapR	functional	biocyc	0.896551724137931	3.323328324690012e-33
11	Transposase-2	functional	pfam/cog	0.9285714285714286	1.0640957584973134e-59
12	Pentose	functional	kegg	0.888888888888889	3.5528455557476283e-22
13	PyrAc	functional	biocyc	0.9285714285714286	6.231240608793774e-34
14	Transposase-1	functional	pfam/cog	1.0	0.0
15	UC-1	uncharacterized		0.8571428571428571	2.4085822033190863e-30
16	CAZyme	functional	interpro	0.9066666666666668	1.3445667718788304e-72
17	hpt KO	single_gene		1.0	0.0
18	UC-4	uncharacterized		0.8605577689243028	2.1281331426669574e-166
19	Transposase-3	functional	pfam	0.9135802469135804	4.491446223698765e-78
20	Heme	functional	kegg	0.923076923076923	1.019071298448288e-55
21	UC-8	uncharacterized		0.8292682926829268	1.666809770176653e-39
22	Motility	functional	cog	0.888888888888889	3.973496611216574e-39
23	Arginine	orthoICA	ec	0.9	1.3462384124431251e-24
24	Ribosome-1	functional	kegg	0.9387755102040816	1.9956162206034848e-128
25	Sulfur/Porphyrin	functional	kegg	0.9859154929577464	2.619263995664667e-80
26	Lysine-1	functional	kegg	0.9545454545454544	2.5002417090223816e-51
27	Translation	orthoICA	multiple	0.9655172413793104	8.688725751013373e-91
28	Thioredoxin-SF	functional	interpro	0.9411764705882352	1.5028085695919493e-134
29	Thiamine	functional	biocyc/kegg	0.8275862068965517	3.127168870325185e-29
30	Sulfate	functional	kegg	0.8	5.023763461345341e-12
31	ldh KO	single_gene		1.0	0.0
32	Fe-S-Related	functional	genes_present	0.8	5.023763461345341e-12
33	SG-2303	single_gene		0.9166666666666666	2.4946029962947678e-29
34	UC-9	uncharacterized		0.9166666666666666	2.4946029962947678e-29
35	Heme-1	functional	kegg	0.972972972972973	5.6912412835082436e-46
36	Co/Ni-tp-1	functional	kegg	0.8837209302325582	8.361580349610589e-45
37	Chemotaxis	functional	kegg	0.9690721649484536	1.1404622127983463e-99
38	Spmd/Ptrc-tp	functional	kegg	0.8	9.99074381658456e-17
39	FAD/NAD-binding	functional	interpro	0.9010989010989012	1.048308760362362e-83
40	Histidine	orthoICA	ec	0.7368421052631579	2.269841968656046e-18
41	Lysine-2	functional	kegg	0.923076923076923	3.9838688984557684e-44
43	PyrR	orthoICA	multiple	0.9473684210526316	2.447706204442045e-25
44	Ribose	orthoICA	ec	0.9166666666666666	2.4946029962947678e-29
45	N2Fix	functional	kegg	0.9268292682926828	3.0295580976849955e-46
46	TetR_0692	regulatory	GRN	0.969283276450512	1.0010809462338892e-231
47	UC-7	uncharacterized		0.8076923076923077	4.383048728001685e-46
48	GH16	functional	pfam	0.9285714285714286	6.231240608793774e-34
49	Urea	functional	kegg	0.967741935483871	1.83228884613115e-69
50	UC-3	uncharacterized		0.9090909090909092	3.4563216108327072e-15
51	PurR	orthoICA	multiple	0.8750000000000001	1.0317463493891118e-19
52	SwrA	orthoICA	bs	0.9375	1.7131900711326262e-67
53	UC-11	uncharacterized		0.761904761904762	1.2512971494733935e-49
54	LexA_1449	regulatory	GRN	0.9523809523809524	3.142695122079871e-49
55	Peptidoglycan	functional	biocyc/kegg	0.846153846153846	4.4031073280516956e-49
58	UC-12	uncharacterized		0.7777777777777778	3.674516639072389e-67
59	Co/Ni-tp-2	functional	kegg	0.9090909090909092	3.4563216108327072e-15
60	F-ATPase	functional	genes_present	0.8181818181818181	1.7501099361760628e-23
62	UC-13	uncharacterized		0.8181818181818181	1.7501099361760628e-23
63	NADHOx	functional	kegg	0.888888888888889	1.674587820448447e-12
1	SigG	functional	activity_expression_genes_present		
57	GlyR1-Sta	activity_boxplot	metadata_boxplot		
61	HighTemp-Sta	activity_boxplot	metadata_boxplot		
64	UC-5	uncharacterized			
65	CheR-Related	functional	activity_expression_genes_present		
7	SigI6	regulatory			
42	BlaI_0696	regulatory			
56	GlyR3	regulatory			
66	Rex_2471	regulatory			
