	name	category	ExplainedVariance
57	GlyR1-Sta	activity_boxplot	0.012058799530096698
61	HighTemp-Sta	activity_boxplot	0.007005680438119666
0	DDE_Tnp_1_3	functional	0.005814322967225394
24	Ribosome-1	functional	0.007427782003142758
25	Sulfur/Porphyrin	functional	0.013260681798345386
26	Lysine-1	functional	0.007898268746677428
28	Thioredoxin-SF	functional	0.02829587244842946
29	Thiamine	functional	0.004968741484345118
30	Sulfate	functional	0.004420762790872224
32	Fe-S-Related	functional	0.005322999504743353
65	CheR-Related	functional	0.01059017184377109
35	Heme-1	functional	0.010719900950065364
36	Co/Ni-tp-1	functional	0.0051138908812145
37	Chemotaxis	functional	0.021862314917227565
38	Spmd/Ptrc-tp	functional	0.007814445069388998
39	FAD/NAD-binding	functional	0.018590883902482647
41	Lysine-2	functional	0.011929265048870596
49	Urea	functional	0.03866931325136591
45	N2Fix	functional	0.03965438300611912
22	Motility	functional	0.011955482545981333
48	GH16	functional	0.004512560372648244
59	Co/Ni-tp-2	functional	0.004564389154110393
6	AbrB-Related	functional	0.0044992668329844054
60	F-ATPase	functional	0.012625512698170693
2	Tryptophan	functional	0.013765850595296336
20	Heme	functional	0.008371367846264466
10	FABI-III/FapR	functional	0.009545456513520234
1	SigG	functional	0.018511206671372737
5	tRNA	functional	0.00897829617933854
11	Transposase-2	functional	0.005596692064216202
13	PyrAc	functional	0.023455832475541616
14	Transposase-1	functional	0.003940735301156129
16	CAZyme	functional	0.023022759916881408
55	Peptidoglycan	functional	0.006416474116586746
19	Transposase-3	functional	0.015495179909098877
12	Pentose	functional	0.01677234177031306
63	NADHOx	functional	0.01334129282347074
43	PyrR	orthoICA	0.01559160108173041
44	Ribose	orthoICA	0.006654989369491937
40	Histidine	orthoICA	0.007011094765854375
23	Arginine	orthoICA	0.0073265098527836026
51	PurR	orthoICA	0.00504559790527781
52	SwrA	orthoICA	0.016313652661861022
27	Translation	orthoICA	0.02809040992883738
8	FliA	orthoICA	0.05958044036015375
56	GlyR3	regulatory	0.002189160921143962
54	LexA_1449	regulatory	0.014482001929773447
66	Rex_2471	regulatory	0.009378602412997594
46	TetR_0692	regulatory	0.015211685441633316
42	BlaI_0696	regulatory	0.004402653269889201
7	SigI6	regulatory	0.009637466655324944
4	SG-0124	single_gene	0.006901990548582759
17	hpt KO	single_gene	0.01843718040088027
33	SG-2303	single_gene	0.006837797358709818
31	ldh KO	single_gene	0.004669387201440611
21	UC-8	uncharacterized	0.006841762823210695
18	UC-4	uncharacterized	0.016509032944192703
47	UC-7	uncharacterized	0.0009600594708113475
58	UC-12	uncharacterized	0.008848078176747043
9	UC-6	uncharacterized	0.008751438217797114
34	UC-9	uncharacterized	0.0076089249350859145
50	UC-3	uncharacterized	0.006664211094780104
62	UC-13	uncharacterized	0.02116228652920349
3	UC-2	uncharacterized	0.0015549778176230378
64	UC-5	uncharacterized	0.010334131073033603
53	UC-11	uncharacterized	0.0011925446536688034
15	UC-1	uncharacterized	0.009281719203068195
