,regulator,pvalue,qvalue,precision,recall,f1score,TP,regulon_size,imodulon_size,n_regs,single_gene,explained_variance
0,,,,,,,,,45.0,,,0.028156929468541203
1,,,,,,,,,16.0,,,0.008938365341698562
2,,,,,,,,,32.0,,,0.038617000930401546
3,,,,,,,,,18.0,,,0.0015413530832906197
4,,,,,,,,,6.0,,,0.006662436941559546
5,,,,,,,,,10.0,,,0.016768227169288386
6,,,,,,,,,10.0,,,0.01549494951789987
7,Sigma-16,7.356412113454766e-12,7.356412113454766e-11,0.21875,0.5833333333333334,0.31818181818181823,7.0,12.0,32.0,1.0,,0.00965580401419286
8,,,,,,,,,143.0,,,0.016342907845086296
9,,,,,,,,,19.0,,,0.010669930870105704
10,,,,,,,,,5.0,,,0.0138204773030014
11,,,,,,,,,23.0,,,0.007690410551983717
12,,,,,,,,,40.0,,,0.01859599867255224
13,,,,,,,,,50.0,,,0.021364503425348236
14,,,,,,,,,6.0,,,0.005199510657663331
15,,,,,,,,,13.0,,,0.012913800370363826
16,,,,,,,,,7.0,,,0.004611906597491555
17,,,,,,,,,74.0,,,0.05947108772449461
18,,,,,,,,,16.0,,,0.009613052359997987
19,,,,,,,,,6.0,,,0.009043006794958508
20,,,,,,,,,81.0,,,0.028150660502131997
21,,,,,,,,,31.0,,,0.0009727318198660129
22,,,,,,,,,24.0,,,0.0066950246156010085
23,,,,,,,,,58.0,,,0.005788254167484186
24,,,,,,,,,15.0,,,0.0038746376695976137
25,,,,,,,,,36.0,,,0.013249892340889247
26,,,,,,,,,21.0,,,0.011850541908537293
27,,,,,,,,,76.0,,,0.00749502292524884
28,,,,,,,,,2.0,,True,0.004837651314002711
29,,,,,,,,,12.0,,,0.007046923672755612
30,,,,,,,,,24.0,,,0.005108306564632348
31,GlyR3,1.3635163869219433e-08,2.7270327738438867e-08,0.375,1.0,0.5454545454545454,3.0,3.0,8.0,1.0,True,0.002184829275883593
32,,,,,,,,,22.0,,,0.03966452240166385
33,,,,,,,,,15.0,,,0.004515651153271127
34,,,,,,,,,20.0,,,0.011877502560161401
35,,,,,,,,,34.0,,,0.017028607466730405
36,,,,,,,,,2.0,,True,0.018352273879688297
37,,,,,,,,,13.0,,,0.00666386185708967
38,,,,,,,,,30.0,,,0.00558730670445029
39,,,,,,,,,12.0,,True,0.0069156288336282845
40,,,,,,,,,13.0,,True,0.0069731713325310585
41,,,,,,,,,151.0,,,0.015156897056833873
42,,,,,,,,,16.0,,,0.0049501068662709535
43,,,,,,,,,15.0,,,0.023499581192093277
44,,,,,,,,,9.0,,,0.005073451537849993
45,,,,,,,,,13.0,,,0.007788753476023924
46,,,,,,,,,11.0,,,0.007469594170402272
47,,,,,,,,,50.0,,,0.01860487616295159
48,,,,,,,,,28.0,,,0.008328866448585437
49,,,,,,,,,41.0,,,0.022676889262738253
50,,,,,,,,,0.0,,,0.012246688943342798
51,,,,,,,,,49.0,,,0.008440965393204825
52,,,,,,,,,22.0,,,0.014888230912424305
53,BlaI_0696,1.4925182596701896e-06,8.955109558021138e-06,0.13636363636363635,0.75,0.23076923076923075,3.0,4.0,22.0,1.0,,0.004417545414525659
54,,,,,,,,,9.0,,,0.007704643080276852
55,,,,,,,,,6.0,,,0.004454172333112294
56,,,,,,,,,44.0,,,0.015499397680948435
57,,,,,,,,,30.0,,,0.006378669208021659
58,,,,,,,,,39.0,,,0.0012819754097183056
59,Rex_2471,7.791585127881076e-12,7.791585127881076e-12,0.75,0.09183673469387756,0.16363636363636366,9.0,98.0,12.0,1.0,,0.00940714706735768
60,,,,,,,,,6.0,,,0.004795156509520004
61,,,,,,,,,55.0,,,0.00953544275685958
62,,,,,,,,,13.0,,,0.021203940270746124
63,,,,,,,,,5.0,,,0.01230818347804652
