	imod_ref	imod_ctherm	distance_pearson	from
0	Rex	31	0.76	Bacillus_subtilis
1	SPbeta-1	31	0.26	Bacillus_subtilis
2	PyrR	43	0.64	Bacillus_subtilis
3	CymR-1	45	0.5	Bacillus_subtilis
4	CymR-2	45	0.3	Bacillus_subtilis
5	stringent response	27	0.79	Bacillus_subtilis
6	YlxR-1	40	0.49	Bacillus_subtilis
7	SigD	8	0.52	Bacillus_subtilis
8	SigD	52	0.3	Bacillus_subtilis
9	TnrA-2	49	0.36	Bacillus_subtilis
10	SwrA	52	0.55	Bacillus_subtilis
11	YlxR-2	23	0.46	Bacillus_subtilis
12	SigK	18	0.34	Bacillus_subtilis
13	CcpA-1	44	0.32	Bacillus_subtilis
14	G-box	51	0.54	Bacillus_subtilis
15	SigE	1	0.29	Bacillus_subtilis
16	SigE	18	0.36	Bacillus_subtilis
17	FapR	10	0.43	Bacillus_subtilis
18	CcpA-2	44	0.46	Bacillus_subtilis
19	uncharacterized-5	24	0.28	Bacillus_subtilis
20	Translation	27	0.72	Escherichia_coli
21	FlhDC-2	8	0.32	Escherichia_coli
22	FlhDC-2	52	0.39	Escherichia_coli
23	Histidine	40	0.54	Escherichia_coli
24	FucR/AllR/AraC	43	0.26	Escherichia_coli
25	Methionine	45	0.29	Escherichia_coli
26	Glycerol	12	0.41	Escherichia_coli
27	YjfJ	49	0.36	Escherichia_coli
28	Lrp	49	0.75	Escherichia_coli
29	Biotin	46	0.34	Escherichia_coli
30	Resistance	24	0.35	Escherichia_coli
31	Sulfate	25	0.38	Escherichia_coli
32	Pyrimidine	43	0.53	Escherichia_coli
33	DNA Damage	54	0.26	Escherichia_coli
34	Ribose	44	0.57	Escherichia_coli
35	GlcNAc	0	0.41	Escherichia_coli
36	Lysine/T2SS	41	0.33	Escherichia_coli
37	FliA	8	0.54	Escherichia_coli
38	Cysteine-1	25	0.66	Escherichia_coli
39	Cysteine-1	30	0.46	Escherichia_coli
40	Arginine	23	0.66	Escherichia_coli
41	Cysteine-2	30	0.26	Escherichia_coli
42	Purine	51	0.63	Escherichia_coli
43	Hot TALE 16	49	0.51	Escherichia_coli
44	crp KO-2	12	0.25	Escherichia_coli
45	FabT	10	0.46	Streptococcus_pyogenes
46	Unc_1	12	0.35	Streptococcus_pyogenes
47	GlnR	26	0.29	Streptococcus_pyogenes
48	Rgg	52	0.48	Streptococcus_pyogenes
49	PyrR	43	0.53	Streptococcus_pyogenes
50	PurR	49	0.26	Streptococcus_pyogenes
51	PurR	51	0.65	Streptococcus_pyogenes
52	CcpA-2	23	0.37	Streptococcus_pyogenes
53	Unc_8	27	0.76	Streptococcus_pyogenes
54	Unc_9	56	0.26	Streptococcus_pyogenes
55	CovR-2	45	0.27	Streptococcus_pyogenes
56	Unc_11	24	0.4	Streptococcus_pyogenes
57	NagQ	0	0.34	Pseudomonas_aeruginosa
58	Translational-1	27	0.75	Pseudomonas_aeruginosa
59	FoxR	34	0.26	Pseudomonas_aeruginosa
60	GlpR	12	0.3	Pseudomonas_aeruginosa
61	FleN-2	8	0.29	Pseudomonas_aeruginosa
62	FleN-2	52	0.43	Pseudomonas_aeruginosa
63	NRPS	10	0.31	Pseudomonas_aeruginosa
64	AtsR	45	0.33	Pseudomonas_aeruginosa
65	CysB-2	1	0.27	Pseudomonas_aeruginosa
66	CysB-2	25	0.7	Pseudomonas_aeruginosa
67	CysB-2	30	0.51	Pseudomonas_aeruginosa
68	CysB-1	25	0.31	Pseudomonas_aeruginosa
69	Uncharacterized-9	8	0.27	Pseudomonas_aeruginosa
70	FleN-1	8	0.28	Pseudomonas_aeruginosa
71	Translational-3	24	0.35	Pseudomonas_aeruginosa
72	CysB-3	25	0.69	Pseudomonas_aeruginosa
73	Vir-1	33	0.35	Staphylococcus_aureus
74	Vir-1	49	0.82	Staphylococcus_aureus
75	PurR	51	0.69	Staphylococcus_aureus
76	Rex-1	13	0.44	Staphylococcus_aureus
77	FMN	39	0.29	Staphylococcus_aureus
78	PyrR	43	0.74	Staphylococcus_aureus
79	CodY-1	2	0.29	Staphylococcus_aureus
80	CymR	25	0.44	Staphylococcus_aureus
81	CymR	45	0.47	Staphylococcus_aureus
82	Translation-1	27	0.79	Staphylococcus_aureus
83	NreC	13	0.28	Staphylococcus_aureus
84	MgrA	49	0.53	Staphylococcus_aureus
85	Rex-2	31	0.78	Staphylococcus_aureus
86	Uncharacterized-6	24	0.39	Staphylococcus_aureus
