,regulator,gene_id,effect
0,Xre_0026,Clo1313_0007,
1,Xre_0026,Clo1313_0008,
2,Xre_0026,Clo1313_0046,
3,Xre_0026,Clo1313_0047,
4,Xre_0026,Clo1313_0094,
5,Xre_0026,Clo1313_0108,
6,Xre_0026,Clo1313_0109,
7,Xre_0026,Clo1313_0110,
8,Xre_0026,Clo1313_0111,
9,Xre_0026,Clo1313_0370,
10,Xre_0026,Clo1313_0489,
11,Xre_0026,Clo1313_0559,
12,Xre_0026,Clo1313_0669,
13,Xre_0026,Clo1313_0749,
14,Xre_0026,Clo1313_0849,
15,Xre_0026,Clo1313_0880,
16,Xre_0026,Clo1313_0881,
17,Xre_0026,Clo1313_0882,
18,Xre_0026,Clo1313_0955,
19,Xre_0026,Clo1313_0994,
20,Xre_0026,Clo1313_1118,
21,Xre_0026,Clo1313_1202,
22,Xre_0026,Clo1313_1286,
23,Xre_0026,Clo1313_1336,
24,Xre_0026,Clo1313_1460,
25,Xre_0026,Clo1313_1637,
26,Xre_0026,Clo1313_1851,
27,Xre_0026,Clo1313_1852,
28,Xre_0026,Clo1313_1853,
29,Xre_0026,Clo1313_1854,
30,Xre_0026,Clo1313_1855,
31,Xre_0026,Clo1313_1877,
32,Xre_0026,Clo1313_1878,
33,Xre_0026,Clo1313_1879,
34,Xre_0026,Clo1313_2001,
35,Xre_0026,Clo1313_2229,
36,Xre_0026,Clo1313_2231,
37,Xre_0026,Clo1313_2455,
38,Xre_0026,Clo1313_2456,
39,Xre_0026,Clo1313_2457,
40,Xre_0026,Clo1313_2462,
41,Xre_0026,Clo1313_2624,
42,GlyR2,Clo1313_0104,
43,GlyR2,Clo1313_0105,
44,GlyR2,Clo1313_0152,
45,GlyR2,Clo1313_0260,
46,GlyR2,Clo1313_0317,
47,GlyR2,Clo1313_0324,
48,GlyR2,Clo1313_0325,
49,GlyR2,Clo1313_0326,
50,GlyR2,Clo1313_0327,
51,GlyR2,Clo1313_0399,
52,GlyR2,Clo1313_0548,
53,GlyR2,Clo1313_0621,
54,GlyR2,Clo1313_0793,
55,GlyR2,Clo1313_0858,
56,GlyR2,Clo1313_0859,
57,GlyR2,Clo1313_0884,
59,GlyR2,Clo1313_1425,
60,GlyR2,Clo1313_1783,
61,GlyR2,Clo1313_2080,
62,GlyR2,Clo1313_2181,
63,GlyR2,Clo1313_2451,
64,GlyR2,Clo1313_2486,
65,GlyR2,Clo1313_2487,
66,GlyR2,Clo1313_2488,
67,GlyR2,Clo1313_2530,
68,GlyR2,Clo1313_2531,
69,GlyR2,Clo1313_2588,
70,GlyR2,Clo1313_2789,
71,GlyR2,Clo1313_2790,
72,GlyR2,Clo1313_2791,
73,GlyR2,Clo1313_2845,
74,GlyR2,Clo1313_2846,
75,GlyR2,Clo1313_3019,
76,GlyR2,Clo1313_3020,
77,GlyR2,Clo1313_R0067,
78,GlyR2,Clo1331_0413,
79,AraC_0222,Clo1313_0544,
80,AraC_0222,Clo1313_0922,
81,AraC_0222,Clo1313_0923,
82,AraC_0222,Clo1313_0989,
83,AraC_0222,Clo1313_0990,
84,AraC_0222,Clo1313_0991,
85,AraC_0222,Clo1313_1469,
86,AraC_0222,Clo1313_1578,
87,AraC_0222,Clo1313_1682,
88,AraC_0222,Clo1313_1685,
89,AraC_0222,Clo1313_1686,
90,AraC_0222,Clo1313_1899,
91,AraC_0222,Clo1313_1900,
92,AraC_0222,Clo1313_2192,
93,AraC_0222,Clo1313_2506,
94,AraC_0222,Clo1313_2515,
95,AraC_0222,Clo1313_2523,
96,AraC_0222,Clo1313_2627,
97,AraC_0222,Clo1313_2628,
98,AraC_0222,Clo1313_2809,
99,AraC_0222,Clo1313_2810,
100,TetR_0692,Clo1313_0225,
101,TetR_0692,Clo1313_0226,
102,TetR_0692,Clo1313_0227,
103,TetR_0692,Clo1313_0228,
104,TetR_0692,Clo1313_0229,
105,TetR_0692,Clo1313_0230,
106,TetR_0692,Clo1313_0231,
107,TetR_0692,Clo1313_0232,
108,TetR_0692,Clo1313_0233,
109,TetR_0692,Clo1313_0234,
110,TetR_0692,Clo1313_0235,
111,TetR_0692,Clo1313_0236,
112,TetR_0692,Clo1313_0237,
113,TetR_0692,Clo1313_0238,
114,TetR_0692,Clo1313_0316,
115,TetR_0692,Clo1313_0320,
116,TetR_0692,Clo1313_0321,
117,TetR_0692,Clo1313_0364,
118,TetR_0692,Clo1313_0365,
119,TetR_0692,Clo1313_0691,
120,TetR_0692,Clo1313_0692,
121,TetR_0692,Clo1313_0693,
122,TetR_0692,Clo1313_0844,
123,TetR_0692,Clo1313_1105,
124,TetR_0692,Clo1313_1168,
125,TetR_0692,Clo1313_1639,
126,TetR_0692,Clo1313_2004,
127,TetR_0692,Clo1313_2005,
128,TetR_0692,Clo1313_2006,
129,TetR_0692,Clo1313_2057,
130,TetR_0692,Clo1313_2368,
131,TetR_0692,Clo1313_2405,
132,TetR_0692,Clo1313_2406,
133,TetR_0692,Clo1313_2407,
134,TetR_0692,Clo1313_2597,
135,TetR_0692,Clo1313_2655,
136,TetR_0692,Clo1313_2874,
137,TetR_0692,Clo1313_R0015,
138,TetR_0692,Clo1313_R0018,
139,TetR_0692,Clo1313_R0022,
140,TetR_0692,Clo1313_R0023,
141,TetR_0692,Clo1313_R0024,
142,TetR_0692,Clo1313_R0027,
143,TetR_0692,Clo1313_R0068,
144,BlaI_0696,Clo1313_0680,
145,BlaI_0696,Clo1313_0696,
146,BlaI_0696,Clo1313_0697,
147,BlaI_0696,Clo1313_2238,
148,LexA_1449,Clo1313_0061,
149,LexA_1449,Clo1313_0062,
150,LexA_1449,Clo1313_0063,
151,LexA_1449,Clo1313_0064,
152,LexA_1449,Clo1313_0065,
153,LexA_1449,Clo1313_0066,
154,LexA_1449,Clo1313_0070,
155,LexA_1449,Clo1313_0119,
156,LexA_1449,Clo1313_0120,
157,LexA_1449,Clo1313_0121,
158,LexA_1449,Clo1313_0122,
159,LexA_1449,Clo1313_0123,
160,LexA_1449,Clo1313_0124,
161,LexA_1449,Clo1313_0125,
162,LexA_1449,Clo1313_0244,
163,LexA_1449,Clo1313_0310,
164,LexA_1449,Clo1313_0505,
165,LexA_1449,Clo1313_0539,
166,LexA_1449,Clo1313_0599,
167,LexA_1449,Clo1313_0609,
168,LexA_1449,Clo1313_0610,
169,LexA_1449,Clo1313_0715,
170,LexA_1449,Clo1313_0735,
171,LexA_1449,Clo1313_0800,
172,LexA_1449,Clo1313_0846,
173,LexA_1449,Clo1313_0847,
174,LexA_1449,Clo1313_0893,
175,LexA_1449,Clo1313_0894,
176,LexA_1449,Clo1313_0895,
177,LexA_1449,Clo1313_0896,
178,LexA_1449,Clo1313_0897,
179,LexA_1449,Clo1313_0898,
180,LexA_1449,Clo1313_0899,
181,LexA_1449,Clo1313_0963,
182,LexA_1449,Clo1313_0964,
183,LexA_1449,Clo1313_1163,
184,LexA_1449,Clo1313_1197,
185,LexA_1449,Clo1313_1449,
186,LexA_1449,Clo1313_1450,
187,LexA_1449,Clo1313_1468,
188,LexA_1449,Clo1313_1572,
189,LexA_1449,Clo1313_1813,
190,LexA_1449,Clo1313_1814,
191,LexA_1449,Clo1313_1815,
192,LexA_1449,Clo1313_1916,
193,LexA_1449,Clo1313_1917,
194,LexA_1449,Clo1313_1918,
195,LexA_1449,Clo1313_1922,
196,LexA_1449,Clo1313_1923,
197,LexA_1449,Clo1313_1936,
198,LexA_1449,Clo1313_2008,
199,LexA_1449,Clo1313_2043,
200,LexA_1449,Clo1313_2148,
201,LexA_1449,Clo1313_2189,
202,LexA_1449,Clo1313_2261,
203,LexA_1449,Clo1313_2262,
204,LexA_1449,Clo1313_2263,
205,LexA_1449,Clo1313_2264,
206,LexA_1449,Clo1313_2265,
207,LexA_1449,Clo1313_2266,
208,LexA_1449,Clo1313_2270,
209,LexA_1449,Clo1313_2502,
210,LexA_1449,Clo1313_2503,
211,LexA_1449,Clo1313_2504,
212,LexA_1449,Clo1313_2524,
213,LexA_1449,Clo1313_2525,
214,LexA_1449,Clo1313_2526,
215,LexA_1449,Clo1313_2741,
216,LexA_1449,Clo1313_2742,
217,LexA_1449,Clo1313_2821,
218,LexA_1449,Clo1313_2822,
219,LexA_1449,Clo1313_2842,
220,LexA_1449,Clo1313_2843,
221,LexA_1449,Clo1313_2852,
222,LexA_1449,Clo1313_R0016,
223,LexA_1449,Clo1313_R0019,
224,LexA_1449,Clo1313_R0028,
225,LexA_1449,Clo1313_R0029,
226,GntR_1482,Clo1313_0656,
227,GntR_1482,Clo1313_0657,
228,GntR_1482,Clo1313_0658,
229,GntR_1482,Clo1313_0659,
230,GntR_1482,Clo1313_0660,
231,GntR_1482,Clo1313_0691,
232,GntR_1482,Clo1313_0692,
233,GntR_1482,Clo1313_0693,
234,GntR_1482,Clo1313_0808,
235,GntR_1482,Clo1313_0955,
236,GntR_1482,Clo1313_1070,
237,GntR_1482,Clo1313_1071,
238,GntR_1482,Clo1313_1072,
239,GntR_1482,Clo1313_1073,
240,GntR_1482,Clo1313_1074,
241,GntR_1482,Clo1313_1075,
242,GntR_1482,Clo1313_1134,
243,GntR_1482,Clo1313_1170,
244,GntR_1482,Clo1313_1279,
245,GntR_1482,Clo1313_1316,
246,GntR_1482,Clo1313_1372,
247,GntR_1482,Clo1313_1467,
248,GntR_1482,Clo1313_1469,
249,GntR_1482,Clo1313_1634,
250,GntR_1482,Clo1313_1697,
251,GntR_1482,Clo1313_1698,
252,GntR_1482,Clo1313_1936,
253,GntR_1482,Clo1313_1963,
254,GntR_1482,Clo1313_2024,
255,GntR_1482,Clo1313_2103,
256,GntR_1482,Clo1313_2197,
257,GntR_1482,Clo1313_2229,
258,GntR_1482,Clo1313_2278,
259,GntR_1482,Clo1313_2369,
260,GntR_1482,Clo1313_2627,
261,GntR_1482,Clo1313_2628,
262,GntR_1482,Clo1313_2817,
263,GntR_1482,Clo1313_2867,
264,GntR_1482,Clo1313_2868,
265,GntR_1482,Clo1313_2928,
266,GntR_1482,Clo1313_2929,
267,GntR_1482,Clo1313_2983,
268,GntR_1482,Clo1313_R0025,
269,Fur_1691,Clo1313_0051,
270,Fur_1691,Clo1313_0052,
271,Fur_1691,Clo1313_0094,
272,Fur_1691,Clo1313_0112,
273,Fur_1691,Clo1313_0113,
274,Fur_1691,Clo1313_0118,
275,Fur_1691,Clo1313_0344,
276,Fur_1691,Clo1313_0353,
277,Fur_1691,Clo1313_0354,
278,Fur_1691,Clo1313_0355,
279,Fur_1691,Clo1313_0366,
280,Fur_1691,Clo1313_0576,
281,Fur_1691,Clo1313_0580,
282,Fur_1691,Clo1313_0656,
283,Fur_1691,Clo1313_0657,
284,Fur_1691,Clo1313_0658,
285,Fur_1691,Clo1313_0659,
286,Fur_1691,Clo1313_0660,
287,Fur_1691,Clo1313_0768,
288,Fur_1691,Clo1313_0915,
289,Fur_1691,Clo1313_0916,
290,Fur_1691,Clo1313_1337,
291,Fur_1691,Clo1313_1338,
292,Fur_1691,Clo1313_1679,
293,Fur_1691,Clo1313_1688,
294,Fur_1691,Clo1313_1689,
295,Fur_1691,Clo1313_1690,
296,Fur_1691,Clo1313_1769,
297,Fur_1691,Clo1313_1770,
298,Fur_1691,Clo1313_1773,
299,Fur_1691,Clo1313_1774,
300,Fur_1691,Clo1313_2052,
301,Fur_1691,Clo1313_2053,
302,Fur_1691,Clo1313_2183,
303,Fur_1691,Clo1313_2225,
304,Fur_1691,Clo1313_2226,
305,Fur_1691,Clo1313_2264,
306,Fur_1691,Clo1313_2265,
307,Fur_1691,Clo1313_2516,
308,Fur_1691,Clo1313_2541,
309,Fur_1691,Clo1313_2542,
310,Fur_1691,Clo1313_2551,
311,Fur_1691,Clo1313_2552,
312,Fur_1691,Clo1313_2594,
313,Fur_1691,Clo1313_2595,
314,Fur_1691,Clo1313_2596,
315,BlaI_1845,Clo1313_1842,
316,BlaI_1845,Clo1313_1843,
317,BlaI_1845,Clo1313_1844,
318,BlaI_1845,Clo1313_1845,
319,Xre_2225,Clo1313_2225,
320,Xre_2225,Clo1313_2226,
321,Rex_2471,Clo1313_0020,
322,Rex_2471,Clo1313_0021,
323,Rex_2471,Clo1313_0022,
324,Rex_2471,Clo1313_0023,
325,Rex_2471,Clo1313_0046,
326,Rex_2471,Clo1313_0047,
327,Rex_2471,Clo1313_0092,
328,Rex_2471,Clo1313_0221,
329,Rex_2471,Clo1313_0255,
330,Rex_2471,Clo1313_0256,
331,Rex_2471,Clo1313_0258,
332,Rex_2471,Clo1313_0266,
333,Rex_2471,Clo1313_0405,
334,Rex_2471,Clo1313_0406,
335,Rex_2471,Clo1313_0407,
336,Rex_2471,Clo1313_0530,
337,Rex_2471,Clo1313_0531,
338,Rex_2471,Clo1313_0554,
339,Rex_2471,Clo1313_0555,
340,Rex_2471,Clo1313_0586,
341,Rex_2471,Clo1313_0683,
342,Rex_2471,Clo1313_0685,
343,Rex_2471,Clo1313_0720,
344,Rex_2471,Clo1313_0721,
345,Rex_2471,Clo1313_0722,
346,Rex_2471,Clo1313_0723,
347,Rex_2471,Clo1313_0743,
348,Rex_2471,Clo1313_0744,
349,Rex_2471,Clo1313_0815,
350,Rex_2471,Clo1313_0821,
351,Rex_2471,Clo1313_0822,
352,Rex_2471,Clo1313_0854,
353,Rex_2471,Clo1313_0871,
354,Rex_2471,Clo1313_0872,
355,Rex_2471,Clo1313_0877,
356,Rex_2471,Clo1313_0878,
357,Rex_2471,Clo1313_0879,
358,Rex_2471,Clo1313_0965,
359,Rex_2471,Clo1313_1154,
360,Rex_2471,Clo1313_1202,
361,Rex_2471,Clo1313_1297,
362,Rex_2471,Clo1313_1301,
363,Rex_2471,Clo1313_1439,
364,Rex_2471,Clo1313_1477,
365,Rex_2471,Clo1313_1478,
366,Rex_2471,Clo1313_1490,
367,Rex_2471,Clo1313_1498,
368,Rex_2471,Clo1313_1499,
369,Rex_2471,Clo1313_1504,
370,Rex_2471,Clo1313_1571,
371,Rex_2471,Clo1313_1572,
372,Rex_2471,Clo1313_1608,
373,Rex_2471,Clo1313_1609,
374,Rex_2471,Clo1313_1687,
375,Rex_2471,Clo1313_1875,
376,Rex_2471,Clo1313_1876,
377,Rex_2471,Clo1313_1877,
378,Rex_2471,Clo1313_1878,
379,Rex_2471,Clo1313_1879,
380,Rex_2471,Clo1313_1881,
381,Rex_2471,Clo1313_1882,
382,Rex_2471,Clo1313_1883,
383,Rex_2471,Clo1313_1884,
384,Rex_2471,Clo1313_1885,
385,Rex_2471,Clo1313_1943,
386,Rex_2471,Clo1313_1944,
387,Rex_2471,Clo1313_2015,
388,Rex_2471,Clo1313_2016,
389,Rex_2471,Clo1313_2049,
390,Rex_2471,Clo1313_2090,
391,Rex_2471,Clo1313_2093,
392,Rex_2471,Clo1313_2094,
393,Rex_2471,Clo1313_2095,
394,Rex_2471,Clo1313_2171,
395,Rex_2471,Clo1313_2190,
396,Rex_2471,Clo1313_2191,
397,Rex_2471,Clo1313_2239,
398,Rex_2471,Clo1313_2240,
399,Rex_2471,Clo1313_2257,
400,Rex_2471,Clo1313_2271,
401,Rex_2471,Clo1313_2471,
402,Rex_2471,Clo1313_2472,
403,Rex_2471,Clo1313_2490,
404,Rex_2471,Clo1313_2491,
405,Rex_2471,Clo1313_2492,
406,Rex_2471,Clo1313_2530,
407,Rex_2471,Clo1313_2531,
408,Rex_2471,Clo1313_2586,
409,Rex_2471,Clo1313_2627,
410,Rex_2471,Clo1313_2628,
411,Rex_2471,Clo1313_2719,
412,Rex_2471,Clo1313_2765,
413,Rex_2471,Clo1313_2766,
414,Rex_2471,Clo1313_2767,
415,Rex_2471,Clo1313_2834,
416,Rex_2471,Clo1313_2835,
417,Rex_2471,Clo1313_2850,
418,Rex_2471,Clo1313_2851,
419,Rex_2471,Clo1313_2951,
0,Sigma-11,Clo1313_2174,sigma factor
1,Sigma-11,Clo1313_1960,sigma factor
2,Sigma-11,Clo1313_2747,sigma factor
3,Sigma-11,Clo1313_0950,sigma factor
4,Sigma-11,Clo1313_0851,sigma factor
0,Sigma-12,Clo1313_1961,sigma factor
1,Sigma-12,Clo1313_0420,sigma factor
2,Sigma-12,Clo1313_2216,sigma factor
0,Sigma-13,Clo1313_1911,sigma factor
1,Sigma-13,Clo1313_1983,sigma factor
2,Sigma-13,Clo1313_0693,sigma factor
3,Sigma-13,Clo1313_0627,sigma factor
0,Sigma-14,Clo1313_1961,sigma factor
1,Sigma-14,Clo1313_0420,sigma factor
2,Sigma-14,Clo1313_2216,sigma factor
0,Sigma-16,Clo1313_2778,sigma factor
1,Sigma-16,Clo1313_0522,sigma factor
2,Sigma-16,Clo1313_0177,sigma factor
3,Sigma-16,Clo1313_2635,sigma factor
4,Sigma-16,Clo1313_1305,sigma factor
5,Sigma-16,Clo1313_0349,sigma factor
6,Sigma-16,Clo1313_2188,sigma factor
7,Sigma-16,Clo1313_2174,sigma factor
8,Sigma-16,Clo1313_0627,sigma factor
9,Sigma-16,Clo1313_0985,sigma factor
10,Sigma-16,Clo1313_2747,sigma factor
11,Sigma-16,Clo1313_0521,sigma factor
0,Sigma-17,Clo1313_0521,sigma factor
1,Sigma-17,Clo1313_0522,sigma factor
0,GlyR1,licB,repression
0,GlyR2,Clo1313_1398,repression
0,GlyR3,Clo1313_0395,repression
1,GlyR3,Clo1313_0396,repression
2,GlyR3,Clo1313_0397,repression
