from	to
ADU73101.1	UPI0001B1F046
ADU73102.1	UPI00017E1F7F
ADU73103.1	UPI000038F4E6
ADU73104.1	UPI00003C8C54
ADU73105.1	UPI000038F4E8
ADU73106.1	UPI000038F4E9
ADU73107.1	UPI00003C8C52
ADU73108.1	UPI000038F4EB
ADU73109.1	UPI000038F4EC
ADU73110.1	UPI00003C8C51
ADU73111.1	UPI0000534C70
ADU73112.1	UPI00017E1DF9
ADU73113.1	UPI0001B1F045
ADU73114.1	UPI000038F4F2
ADU73115.1	UPI00003C8C4F
ADU73116.1	UPI0001B1F044
ADU73117.1	UPI0001B1F043
ADU73118.1	UPI000038F4F6
ADU73119.1	UPI0000F218FF
ADU73120.1	UPI000038F4F8
ADU73121.1	UPI00003C8C4C
ADU73122.1	UPI0001B1F042
ADU73123.1	UPI000038F4FA
ADU73124.1	UPI0001C14673
ADU73125.1	UPI0000532F78
ADU73126.1	UPI0000537848
ADU73127.1	UPI00017E1C6F
ADU73128.1	UPI0001F32934
ADU73129.1	UPI00003C8C48
ADU73130.1	UPI00005362CA
ADU73131.1	UPI00003C8C46
ADU73132.1	UPI000038F503
ADU73133.1	UPI000038F504
ADU73134.1	UPI0001B1F00C
ADU73135.1	UPI0001F32935
ADU73136.1	UPI00003C8C45
ADU73137.1	UPI00005353E9
ADU73138.1	UPI0001B1F00B
ADU73139.1	UPI000038F509
ADU73140.1	UPI00003C8C42
ADU73141.1	UPI0001B1F00A
ADU73142.1	UPI0000531982
ADU73143.1	UPI000038F50D
ADU73144.1	UPI0001B1F009
ADU73145.1	UPI000053784E
ADU73146.1	UPI00005370F8
ADU73147.1	UPI0001B1F006
ADU73148.1	UPI000038FC13
ADU73149.1	UPI0001B1F005
ADU73150.1	UPI0001B1F004
ADU73151.1	UPI000038FC10
ADU73152.1	UPI000038FC0F
ADU73153.1	UPI0001B1F003
ADU73154.1	UPI000038FC0C
ADU73155.1	UPI00005353E0
ADU73156.1	UPI0001B1EFD2
ADU73157.1	UPI000053868C
ADU73158.1	UPI000038FE00
ADU73159.1	UPI00005320E2
ADU73160.1	UPI000038FE02
ADU73161.1	UPI00017E1964
ADU73162.1	UPI0000537F81
ADU73163.1	UPI0000F21917
ADU73164.1	UPI00003C8F2A
ADU73165.1	UPI000038FE5A
ADU73166.1	UPI000038FE5B
ADU73167.1	UPI000038FE5C
ADU73168.1	UPI0000F21919
ADU73169.1	UPI00003C8F27
ADU73170.1	UPI00003C8F26
ADU73171.1	UPI000038FAE5
ADU73172.1	UPI00003C8F25
ADU73173.1	UPI00003C8F24
ADU73174.1	UPI00003C8F23
ADU73175.1	UPI00003C8F22
ADU73176.1	UPI0001B1EFD0
ADU73177.1	UPI00003C8F20
ADU73178.1	UPI00017E17C0
ADU73179.1	UPI0001B1EFCF
ADU73180.1	UPI000038FADE
ADU73181.1	UPI000038FADD
ADU73182.1	UPI000038FADC
ADU73183.1	UPI00005323D7
ADU73184.1	UPI000038FBE7
ADU73185.1	UPI000038FBE8
ADU73186.1	UPI0001B1EFCE
ADU73187.1	UPI0001F3294D
ADU73188.1	UPI000038FBEB
ADU73189.1	UPI00017E526E
ADU73190.1	UPI000038FBEF
ADU73191.1	UPI0000531C65
ADU73192.1	UPI00005315BD
ADU73193.1	UPI00017E4E49
ADU73194.1	UPI0000536D1E
ADU73195.1	UPI000038FBF3
ADU73196.1	UPI00003C8E25
ADU73197.1	UPI00003C8E24
ADU73198.1	UPI00003C8E23
ADU73199.1	UPI00005373E5
ADU73200.1	UPI00003C8E21
ADU73201.1	UPI00017E4E56
ADU73202.1	UPI0001B1F080
ADU73203.1	UPI000038F751
ADU73204.1	UPI00003C8E1E
ADU73205.1	UPI0000537B99
ADU73206.1	UPI00003C8E1C
ADU73207.1	UPI00003C8E1B
ADU73208.1	UPI000038F753
ADU73209.1	UPI000038F754
ADU73210.1	UPI000038F755
ADU73211.1	UPI0000F2192F
ADU73212.1	UPI00017E2FB4
ADU73213.1	UPI00003C8AEF
ADU73214.1	UPI000038F759
ADU73215.1	UPI00017E2FB3
ADU73216.1	UPI0000533E13
ADU73217.1	UPI000038F75C
ADU73218.1	UPI0001B1F07F
ADU73219.1	UPI000038F75E
ADU73220.1	UPI00003C8AF1
ADU73221.1	UPI00003C8AF2
ADU73222.1	UPI0000532837
ADU73223.1	UPI0000F21922
ADU73224.1	UPI000038F760
ADU73225.1	UPI0001F32953
ADU73226.1	UPI00017E2E15
ADU73227.1	UPI00017E2E12
ADU73228.1	UPI00003C8AF8
ADU73229.1	UPI000038F762
ADU73230.1	UPI00017E2E11
ADU73231.1	UPI000038F763
ADU73232.1	UPI000038F764
ADU73233.1	UPI000038F765
ADU73234.1	UPI00017E2E0D
ADU73235.1	UPI0001B1F07C
ADU73236.1	UPI00017E2E0B
ADU73237.1	UPI000038F769
ADU73238.1	UPI00003C8AFA
ADU73239.1	UPI000038F76A
ADU73240.1	UPI000038F76B
ADU73241.1	UPI00017E2E09
ADU73242.1	UPI00017E2E08
ADU73243.1	UPI0001B1F059
ADU73244.1	UPI00003C8AFB
ADU73245.1	UPI00017E2C81
ADU73246.1	UPI00003C8CB2
ADU73247.1	UPI0001B1F03F
ADU73248.1	UPI000038F773
ADU73249.1	UPI0001B1F03E
ADU73250.1	UPI000038F774
ADU73251.1	UPI000038F775
ADU73252.1	UPI00003C8AFE
ADU73253.1	UPI00017E2C7C
ADU73254.1	UPI000038F778
ADU73255.1	UPI0000537F83
ADU73256.1	UPI000038F77A
ADU73257.1	UPI00017E2C7B
ADU73258.1	UPI00017E2C7A
ADU73259.1	UPI00017E2C79
ADU73260.1	UPI0001B1F03D
ADU73261.1	UPI00017E2C78
ADU73262.1	UPI0001B1F03C
ADU73263.1	UPI0001B1F03B
ADU73264.1	UPI0001B1F03A
ADU73265.1	UPI000038F783
ADU73266.1	UPI0001B1F039
ADU73267.1	UPI0001F3295B
ADU73268.1	UPI00003C8B03
ADU73269.1	UPI0001B1F001
ADU73270.1	UPI000038F787
ADU73271.1	UPI0000532F7C
ADU73272.1	UPI00003C8B05
ADU73273.1	UPI0000F21A5F
ADU73274.1	UPI00005369CA
ADU73275.1	UPI00003C8B06
ADU73276.1	UPI000053197E
ADU73277.1	UPI0001B1F000
ADU73278.1	UPI000038FA12
ADU73279.1	UPI0000535B83
ADU73280.1	UPI0001B1EFFE
ADU73281.1	UPI00003C8B09
ADU73282.1	UPI0000534C7C
ADU73283.1	UPI0001B1EFFD
ADU73284.1	UPI000038FA0C
ADU73285.1	UPI000038FA0B
ADU73286.1	UPI00003C8B0B
ADU73287.1	UPI000038FA09
ADU73288.1	UPI00017E2947
ADU73289.1	UPI000038FA07
ADU73290.1	UPI000038FA06
ADU73291.1	UPI0000534568
ADU73292.1	UPI00003C8B0D
ADU73293.1	UPI000038FA03
ADU73294.1	UPI0001F32969
ADU73295.1	UPI000038FA01
ADU73296.1	UPI0000535B6F
ADU73297.1	UPI000038F9FF
ADU73298.1	UPI0001B1EFFC
ADU73299.1	UPI0000F21A63
ADU73300.1	UPI00003C8B10
ADU73301.1	UPI00005369C7
ADU73302.1	UPI0001B1EFCB
ADU73303.1	UPI00003C8B13
ADU73304.1	UPI000038F718
ADU73305.1	UPI00005369D3
ADU73306.1	UPI000038F716
ADU73307.1	UPI000038F715
ADU73308.1	UPI00005336A2
ADU73309.1	UPI000038F713
ADU73310.1	UPI000038F712
ADU73311.1	UPI00003C8B16
ADU73312.1	UPI0001B1EFCA
ADU73313.1	UPI00017E41FF
ADU73314.1	UPI0001B1EFC9
ADU73315.1	UPI000038F70D
ADU73316.1	UPI00017E3E03
ADU73317.1	UPI000038F70C
ADU73318.1	UPI000053282C
ADU73319.1	UPI0000532839
ADU73320.1	UPI000038F709
ADU73321.1	UPI000038F708
ADU73322.1	UPI000038F707
ADU73323.1	UPI000038F706
ADU73324.1	UPI00003C8B19
ADU73325.1	UPI000038F704
ADU73326.1	UPI000038F703
ADU73327.1	UPI000038F702
ADU73328.1	UPI000038F701
ADU73329.1	UPI00017E3DFF
ADU73330.1	UPI00003C8B1B
ADU73331.1	UPI000038F6FE
ADU73332.1	UPI00003C8B1C
ADU73333.1	UPI0001B1EFC8
ADU73334.1	UPI000038F6FB
ADU73335.1	UPI000038F6FA
ADU73336.1	UPI00003C8B1F
ADU73337.1	UPI000038F6F8
ADU73338.1	UPI00003C8B20
ADU73339.1	UPI0001B1EF8D
ADU73340.1	UPI000038F6F5
ADU73341.1	UPI00003C8B21
ADU73342.1	UPI00003C8B22
ADU73343.1	UPI00005320D5
ADU73344.1	UPI00003C8B24
ADU73345.1	UPI00003C8B25
ADU73346.1	UPI00017E35CD
ADU73347.1	UPI00017E35CC
ADU73348.1	UPI00005370E4
ADU73349.1	UPI00017E35CB
ADU73350.1	UPI00003C8B28
ADU73351.1	UPI0001B1EF8A
ADU73352.1	UPI0001B1EF89
ADU73353.1	UPI0001F3298D
ADU73354.1	UPI0001B1EF87
ADU73355.1	UPI0001B1EF86
ADU73356.1	UPI0001B1EF83
ADU73357.1	UPI0000533C6B
ADU73358.1	UPI0001B1EF82
ADU73359.1	UPI00017E31BE
ADU73360.1	UPI000038F6ED
ADU73361.1	UPI000038F6EC
ADU73362.1	UPI00003C8F9D
ADU73363.1	UPI000038F6EA
ADU73364.1	UPI0000536F63
ADU73365.1	UPI0000F21A6F
ADU73366.1	UPI000038F6E8
ADU73367.1	UPI0001B1EF7F
ADU73368.1	UPI000038F6E6
ADU73369.1	UPI000038F6E5
ADU73370.1	UPI00003C8F99
ADU73371.1	UPI0000532DE1
ADU73372.1	UPI0000F21A70
ADU73373.1	UPI0000F21A71
ADU73374.1	UPI0000F21A72
ADU73375.1	UPI00003C9046
ADU73376.1	UPI00003C9045
ADU73377.1	UPI000038FD75
ADU73378.1	UPI0000537EBD
ADU73379.1	UPI000038FD73
ADU73380.1	UPI00017E62BD
ADU73381.1	UPI000053189C
ADU73382.1	UPI000038FD70
ADU73383.1	UPI00003C9043
ADU73384.1	UPI0000F21976
ADU73385.1	UPI00003C9041
ADU73386.1	UPI00003C9040
ADU73387.1	UPI0001B1EF42
ADU73388.1	UPI0000F21978
ADU73389.1	UPI0000F21979
ADU73390.1	UPI0000F2197A
ADU73391.1	UPI0001B1EF41
ADU73392.1	UPI000053407C
ADU73393.1	UPI0000F2197B
ADU73394.1	UPI00005347A6
ADU73395.1	UPI00017E5EA4
ADU73396.1	UPI0000537316
ADU73397.1	UPI0000537E4B
ADU73398.1	UPI00003C915F
ADU73399.1	UPI00003C915E
ADU73400.1	UPI00003C915D
ADU73401.1	UPI00003C915C
ADU73402.1	UPI00003C90FF
ADU73403.1	UPI000038FE24
ADU73404.1	UPI0001B1EF3F
ADU73405.1	UPI0001B1EF3E
ADU73406.1	UPI00003C8DBE
ADU73407.1	UPI000053777A
ADU73408.1	UPI00003C8DC0
ADU73409.1	UPI00005335D5
ADU73410.1	UPI00017E31C4
ADU73411.1	UPI00003C8DC2
ADU73412.1	UPI0001F329ED
ADU73413.1	UPI000038FB52
ADU73414.1	UPI000038FB51
ADU73415.1	UPI000038FB50
ADU73416.1	UPI000038FB4F
ADU73417.1	UPI00005385E1
ADU73418.1	UPI000038FB4D
ADU73419.1	UPI000038FB4C
ADU73420.1	UPI000038FB4B
ADU73421.1	UPI000038FB4A
ADU73422.1	UPI0001F329EE
ADU73423.1	UPI000038FB48
ADU73424.1	UPI00003C8DC3
ADU73425.1	UPI00003C8DC4
ADU73426.1	UPI00003C8DC5
ADU73427.1	UPI00003C8DC6
ADU73428.1	UPI0000536904
ADU73429.1	UPI00017E22EA
ADU73430.1	UPI00017E22EB
ADU73431.1	UPI00003C8DCB
ADU73432.1	UPI00017E22EC
ADU73433.1	UPI000038FC00
ADU73434.1	UPI000038FBFF
ADU73435.1	UPI00017E22ED
ADU73436.1	UPI0001F329EF
ADU73437.1	UPI0001B1EF07
ADU73438.1	UPI0000532E9E
ADU73439.1	UPI0001B1EF06
ADU73440.1	UPI00017E22F0
ADU73441.1	UPI0001F32A1B
ADU73442.1	UPI00017E22F1
ADU73443.1	UPI0001F32A1C
ADU73444.1	UPI000038F6DE
ADU73445.1	UPI0001B1EED4
ADU73446.1	UPI0001B1EED3
ADU73447.1	UPI00017E247D
ADU73448.1	UPI0001B1EED2
ADU73449.1	UPI0001B1EED1
ADU73450.1	UPI000038F6D7
ADU73451.1	UPI0001B1EED0
ADU73452.1	UPI0001B1EECF
ADU73453.1	UPI0001F32A1D
ADU73454.1	UPI000038F6D5
ADU73455.1	UPI000038F6D4
ADU73456.1	UPI00003C8BD5
ADU73457.1	UPI0001B1EECE
ADU73458.1	UPI000038F6D3
ADU73459.1	UPI0001B1EECD
ADU73460.1	UPI0001B1EECC
ADU73461.1	UPI0000F219D6
ADU73462.1	UPI00005329B2
ADU73463.1	UPI0000536B0D
ADU73464.1	UPI0001B1EECB
ADU73465.1	UPI0001B1EECA
ADU73466.1	UPI00017E248D
ADU73467.1	UPI0001B1EEC9
ADU73468.1	UPI000038F6C9
ADU73469.1	UPI00003C8BDC
ADU73470.1	UPI000038F6C7
ADU73471.1	UPI0001F32A1E
ADU73472.1	UPI0001B1EEC7
ADU73473.1	UPI00003C8BE0
ADU73474.1	UPI0001B1EEC6
ADU73475.1	UPI000038F6C3
ADU73476.1	UPI00003C8BE1
ADU73477.1	UPI00003C8BE2
ADU73478.1	UPI00003C8BE3
ADU73479.1	UPI0001B1EEC5
ADU73480.1	UPI0001B1EEC4
ADU73481.1	UPI00003C8CC1
ADU73482.1	UPI00003C8CC2
ADU73483.1	UPI00003C8CC3
ADU73484.1	UPI0001B1EE8A
ADU73485.1	UPI000012BDDE
ADU73486.1	UPI00000613CF
ADU73487.1	UPI0001B1EE89
ADU73488.1	UPI0001B1EE88
ADU73489.1	UPI00005325A2
ADU73490.1	UPI0000536EA1
ADU73491.1	UPI0000536E90
ADU73492.1	UPI00003C8CC8
ADU73493.1	UPI0000F21A0A
ADU73494.1	UPI000038F6B4
ADU73495.1	UPI0001B1EF5F
ADU73496.1	UPI00003C904E
ADU73497.1	UPI000038F6AE
ADU73498.1	UPI000038F6AD
ADU73499.1	UPI000038F6AC
ADU73500.1	UPI00003C8DB1
ADU73501.1	UPI000038F816
ADU73502.1	UPI0001B1EF5E
ADU73503.1	UPI0001B1EF5D
ADU73504.1	UPI000038F814
ADU73505.1	UPI000038F813
ADU73506.1	UPI000038F812
ADU73507.1	UPI000038F811
ADU73508.1	UPI00017E45F2
ADU73509.1	UPI00017E45F3
ADU73510.1	UPI00003C8DB4
ADU73511.1	UPI000038F80E
ADU73512.1	UPI00017E45F4
ADU73513.1	UPI00003C8DB6
ADU73514.1	UPI00003C8DB7
ADU73515.1	UPI000038F80C
ADU73516.1	UPI0001B1EF5C
ADU73517.1	UPI000038F80A
ADU73518.1	UPI000038F809
ADU73519.1	UPI000038F808
ADU73520.1	UPI000038F807
ADU73521.1	UPI0000127616
ADU73522.1	UPI000016EB8E
ADU73523.1	UPI00017E4A0D
ADU73524.1	UPI000038F7FD
ADU73525.1	UPI000038F7FC
ADU73526.1	UPI000038F7FB
ADU73527.1	UPI000038F7FA
ADU73528.1	UPI000038F7F9
ADU73529.1	UPI0001F32A72
ADU73530.1	UPI00003C8DBB
ADU73531.1	UPI00017E4A11
ADU73532.1	UPI00003C9087
ADU73533.1	UPI00003C9086
ADU73534.1	UPI00003C9085
ADU73535.1	UPI0000532EE1
ADU73536.1	UPI000038FD43
ADU73537.1	UPI0001B1EE3F
ADU73538.1	UPI0000532EEC
ADU73539.1	UPI000038FD40
ADU73540.1	UPI000038FD3F
ADU73541.1	UPI000038FD3E
ADU73542.1	UPI00003C9081
ADU73543.1	UPI00003C9080
ADU73544.1	UPI000038FD3C
ADU73545.1	UPI00003C907F
ADU73546.1	UPI00017E31C7
ADU73547.1	UPI00003C907E
ADU73548.1	UPI000038FD3A
ADU73549.1	UPI000053278D
ADU73550.1	UPI00003C907D
ADU73551.1	UPI0000535AEC
ADU73552.1	UPI000038FD37
ADU73553.1	UPI000038FD36
ADU73554.1	UPI00003C907B
ADU73555.1	UPI00003C907A
ADU73556.1	UPI00003C9079
ADU73557.1	UPI00003C9078
ADU73558.1	UPI0000F21A62
ADU73559.1	UPI0000534E62
ADU73560.1	UPI000038FD58
ADU73561.1	UPI000038FD57
ADU73562.1	UPI000038FD56
ADU73563.1	UPI00017E22E5
ADU73564.1	UPI00017E22E6
ADU73565.1	UPI0001B1EE3D
ADU73566.1	UPI0001B1EE3C
ADU73567.1	UPI0001B1EE3B
ADU73568.1	UPI0001B1EE3A
ADU73569.1	UPI0001B1EE39
ADU73570.1	UPI0001B1EE38
ADU73571.1	UPI0001B1EE37
ADU73572.1	UPI0001B1EDF6
ADU73573.1	UPI0001B1EDF5
ADU73574.1	UPI0001B1EDF4
ADU73575.1	UPI0001B1EDF3
ADU73576.1	UPI0001B1EDF2
ADU73577.1	UPI0001B1EDF1
ADU73578.1	UPI000038FD4F
ADU73579.1	UPI00003C8F08
ADU73580.1	UPI00003C8F09
ADU73581.1	UPI00017E2474
ADU73582.1	UPI000038FDCB
ADU73583.1	UPI00017E2475
ADU73584.1	UPI000038FDCD
ADU73585.1	UPI00003C8F0B
ADU73586.1	UPI00003C8F0C
ADU73587.1	UPI0001B1EDF0
ADU73588.1	UPI00003C8F0E
ADU73589.1	UPI0001B1EDEF
ADU73590.1	UPI0001B1EDEE
ADU73591.1	UPI0001F328CE
ADU73592.1	UPI0001B1EDEC
ADU73593.1	UPI000038FCF4
ADU73594.1	UPI000038FD23
ADU73595.1	UPI000038FD22
ADU73596.1	UPI000038FD21
ADU73597.1	UPI000038FD20
ADU73598.1	UPI0001F328CF
ADU73599.1	UPI0000537F0F
ADU73600.1	UPI0000537EFC
ADU73601.1	UPI0001B1EEFA
ADU73602.1	UPI0001B1EEC3
ADU73603.1	UPI0001B1EEC2
ADU73604.1	UPI00003C8DE3
ADU73605.1	UPI00003C8DE2
ADU73606.1	UPI0001F328D0
ADU73607.1	UPI00000AF81E
ADU73608.1	UPI0001B1EEE4
ADU73609.1	UPI0001F328D1
ADU73610.1	UPI0000538615
ADU73611.1	UPI0001B1EEE1
ADU73612.1	UPI000053277B
ADU73613.1	UPI00003C8DDF
ADU73614.1	UPI00017E27B5
ADU73615.1	UPI0000535AC8
ADU73616.1	UPI000038F885
ADU73617.1	UPI0001B1EEE0
ADU73618.1	UPI00003C8DDB
ADU73619.1	UPI0000F21A6C
ADU73620.1	UPI0001B1EEDF
ADU73621.1	UPI00017E27BB
ADU73622.1	UPI0001B1EEDE
ADU73623.1	UPI00017E27BD
ADU73624.1	UPI00003C8DD8
ADU73625.1	UPI000038F87D
ADU73626.1	UPI0001B1EEDD
ADU73627.1	UPI0000533605
ADU73628.1	UPI000038F87B
ADU73629.1	UPI0001F328FE
ADU73630.1	UPI0001B1EEDB
ADU73631.1	UPI00003C8DD6
ADU73632.1	UPI000053622E
ADU73633.1	UPI0000F21A73
ADU73634.1	UPI0000F21A74
ADU73635.1	UPI00003C8F6D
ADU73636.1	UPI00003C8F6C
ADU73637.1	UPI00005376C1
ADU73638.1	UPI0001B1EEDA
ADU73639.1	UPI00017E5E91
ADU73640.1	UPI0001B1EE9B
ADU73641.1	UPI000038F871
ADU73642.1	UPI00017E5E93
ADU73643.1	UPI00017E5E94
ADU73644.1	UPI00017E5E96
ADU73645.1	UPI00003C8F69
ADU73646.1	UPI0000534AE5
ADU73647.1	UPI00003C8F67
ADU73648.1	UPI00003C8F66
ADU73649.1	UPI00003C8F65
ADU73650.1	UPI000038FDA4
ADU73651.1	UPI00005376D0
ADU73652.1	UPI0000F2197C
ADU73653.1	UPI00003C8F62
ADU73654.1	UPI00017E5E99
ADU73655.1	UPI000038FDA0
ADU73656.1	UPI00003C8F61
ADU73657.1	UPI0000F2197D
ADU73658.1	UPI00017E5E9A
ADU73659.1	UPI00005360EA
ADU73660.1	UPI000038FDD4
ADU73661.1	UPI0001B1EE9A
ADU73662.1	UPI0001B1EE99
ADU73663.1	UPI0001B1EE98
ADU73664.1	UPI0001B1EE97
ADU73665.1	UPI00003C8FFE
ADU73666.1	UPI00003C8FFF
ADU73667.1	UPI00017E4E42
ADU73668.1	UPI000038FDE5
ADU73669.1	UPI000038FDE6
ADU73670.1	UPI000038FDE7
ADU73671.1	UPI00003C9002
ADU73672.1	UPI00017E4E44
ADU73673.1	UPI0000532DA6
ADU73674.1	UPI00017E4E45
ADU73675.1	UPI0001B1EE96
ADU73676.1	UPI0000536D8C
ADU73677.1	UPI0000536D8D
ADU73678.1	UPI0001B1EE6C
ADU73679.1	UPI0000F21995
ADU73680.1	UPI0000532EF7
ADU73681.1	UPI00017E5269
ADU73682.1	UPI00017E526A
ADU73683.1	UPI0001F3292D
ADU73684.1	UPI00003C8CB2
ADU73685.1	UPI0001F32936
ADU73686.1	UPI000038FC82
ADU73687.1	UPI000038FC83
ADU73688.1	UPI00017E566F
ADU73689.1	UPI00017E5672
ADU73690.1	UPI00017E5673
ADU73691.1	UPI00017E5674
ADU73692.1	UPI0001B1EF70
ADU73693.1	UPI000038FDEB
ADU73694.1	UPI0000F219AD
ADU73695.1	UPI0001B1EE7D
ADU73696.1	UPI000038FDDD
ADU73697.1	UPI000038FDDC
ADU73698.1	UPI0001B1EE4C
ADU73699.1	UPI00003C90FA
ADU73700.1	UPI0000532ECA
ADU73701.1	UPI0000F219C4
ADU73702.1	UPI00003C8EEC
ADU73703.1	UPI00003C8EED
ADU73704.1	UPI0000533AF8
ADU73705.1	UPI00017E35CF
ADU73706.1	UPI00003C8EEF
ADU73707.1	UPI0001F32937
ADU73708.1	UPI0001F32938
ADU73709.1	UPI0000135A22
ADU73710.1	UPI0001B1EE80
ADU73711.1	UPI000038FC7B
ADU73712.1	UPI000038FC7A
ADU73713.1	UPI000038FC79
ADU73714.1	UPI000038FC78
ADU73715.1	UPI000038FC77
ADU73716.1	UPI000038FC76
ADU73717.1	UPI0001F32945
ADU73718.1	UPI0001B1EE7F
ADU73719.1	UPI00003C8EF6
ADU73720.1	UPI00003C8EF7
ADU73721.1	UPI0000F219D7
ADU73722.1	UPI000053389D
ADU73723.1	UPI00003C8FB9
ADU73724.1	UPI00017E3E22
ADU73725.1	UPI000038FE60
ADU73726.1	UPI00017E5E9E
ADU73727.1	UPI00003C8FBD
ADU73728.1	UPI00003C8FBE
ADU73729.1	UPI00003C8FBF
ADU73730.1	UPI00003C8FC0
ADU73731.1	UPI00003C8FC1
ADU73732.1	UPI000038FD33
ADU73733.1	UPI000038FD32
ADU73734.1	UPI000053813B
ADU73735.1	UPI000038FD30
ADU73736.1	UPI000038FD2F
ADU73737.1	UPI000038FD2E
ADU73738.1	UPI00003C8FC2
ADU73739.1	UPI00003C8FC3
ADU73740.1	UPI000038FD2B
ADU73741.1	UPI0001B1EFE5
ADU73742.1	UPI00003C8EC4
ADU73743.1	UPI00017E2E2A
ADU73744.1	UPI0001F32946
ADU73745.1	UPI0000534E01
ADU73746.1	UPI00017E2FC5
ADU73747.1	UPI00003C8D6B
ADU73748.1	UPI00017E2FC6
ADU73749.1	UPI00003C8D6A
ADU73750.1	UPI000038F4DC
ADU73751.1	UPI000038F4DB
ADU73752.1	UPI000038F4DA
ADU73753.1	UPI0000536424
ADU73754.1	UPI000038F4D8
ADU73755.1	UPI0001B1EED9
ADU73756.1	UPI0001B1EED8
ADU73757.1	UPI000038F4D5
ADU73758.1	UPI00003C8D68
ADU73759.1	UPI0001F3294E
ADU73760.1	UPI000038F4D2
ADU73761.1	UPI000038F4D1
ADU73762.1	UPI0001B1EED6
ADU73763.1	UPI000038F4CF
ADU73764.1	UPI000038F4CE
ADU73765.1	UPI000038F4CD
ADU73766.1	UPI00003C8D65
ADU73767.1	UPI00003C8D64
ADU73768.1	UPI00017E17D7
ADU73769.1	UPI00017E17D8
ADU73770.1	UPI00003C8D62
ADU73771.1	UPI00005337FD
ADU73772.1	UPI0001B1EED5
ADU73773.1	UPI00017E17DC
ADU73774.1	UPI00003C8D5F
ADU73775.1	UPI0000533F91
ADU73776.1	UPI000038F4C0
ADU73777.1	UPI00003C8D5D
ADU73778.1	UPI000038F4BE
ADU73779.1	UPI0000F21A42
ADU73780.1	UPI00003C8D5A
ADU73781.1	UPI0000534699
ADU73782.1	UPI00003C8D58
ADU73783.1	UPI0001B1EE95
ADU73784.1	UPI00003C8EDE
ADU73785.1	UPI00003C8EDF
ADU73786.1	UPI0001B1EE94
ADU73787.1	UPI000038F4BB
ADU73788.1	UPI000038F4BA
ADU73789.1	UPI0000532007
ADU73790.1	UPI00003C8EE1
ADU73791.1	UPI0001B1EE91
ADU73792.1	UPI0001B1EE90
ADU73793.1	UPI00005361EF
ADU73794.1	UPI00017E2E01
ADU73795.1	UPI0001B1EE8F
ADU73796.1	UPI0001B1EE8E
ADU73797.1	UPI000038F4B1
ADU73798.1	UPI000038F4B0
ADU73799.1	UPI0001C146BD
ADU73800.1	UPI0001B1EE8C
ADU73801.1	UPI0001B1EE8B
ADU73802.1	UPI0000535A95
ADU73803.1	UPI000038F4AB
ADU73804.1	UPI000038F4AA
ADU73805.1	UPI0000532008
ADU73806.1	UPI00017E2FA3
ADU73807.1	UPI000038F4A7
ADU73808.1	UPI0001B1EE5B
ADU73809.1	UPI00003C8EEA
ADU73810.1	UPI00017E2FA6
ADU73811.1	UPI00017E2FA7
ADU73812.1	UPI0001F32954
ADU73813.1	UPI00003C8D2B
ADU73814.1	UPI000038F49F
ADU73815.1	UPI00003C8D2A
ADU73816.1	UPI0001B1EE59
ADU73817.1	UPI0001F3295C
ADU73818.1	UPI000038F49A
ADU73819.1	UPI000038F499
ADU73820.1	UPI00017E17B2
ADU73821.1	UPI000038F497
ADU73822.1	UPI00017E17B3
ADU73823.1	UPI00017E17B4
ADU73824.1	UPI0000536944
ADU73825.1	UPI0000F21A60
ADU73826.1	UPI0001B1EE58
ADU73827.1	UPI0001B1EE57
ADU73828.1	UPI0001B1EE56
ADU73829.1	UPI0001B1EE55
ADU73830.1	UPI0001B1EE54
ADU73831.1	UPI0001F3295D
ADU73832.1	UPI0001F3295E
ADU73833.1	UPI0001B1EE4F
ADU73834.1	UPI0001B1EE4E
ADU73835.1	UPI0001B1EE4D
ADU73836.1	UPI0001B1EE22
ADU73837.1	UPI0001B1EE21
ADU73838.1	UPI0001B1EE20
ADU73839.1	UPI0001F3295F
ADU73840.1	UPI0001B1EE1E
ADU73841.1	UPI0001B1EE1B
ADU73842.1	UPI0001B1EE1A
ADU73843.1	UPI00003C8CB2
ADU73844.1	UPI0001F32960
ADU73845.1	UPI0001F32961
ADU73846.1	UPI0001B1EF75
ADU73847.1	UPI0001B1EF74
ADU73848.1	UPI0001B1EF73
ADU73849.1	UPI0001F32952
ADU73850.1	UPI0000537939
ADU73851.1	UPI0001B1EF38
ADU73852.1	UPI0001B1EF37
ADU73853.1	UPI00003C8D4B
ADU73854.1	UPI0001B1EF36
ADU73855.1	UPI00003C8D49
ADU73856.1	UPI0001F3296A
ADU73857.1	UPI000038FC28
ADU73858.1	UPI0000533609
ADU73859.1	UPI0001F3296B
ADU73860.1	UPI0001B1EFBB
ADU73861.1	UPI0001B1EFBC
ADU73862.1	UPI0001F3296C
ADU73863.1	UPI00003C8CB2
ADU73864.1	UPI0001F3296D
ADU73865.1	UPI00017E66D3
ADU73866.1	UPI0000532269
ADU73867.1	UPI0000533A8B
ADU73868.1	UPI00017E1F9B
ADU73869.1	UPI00003C8ED2
ADU73870.1	UPI0001C1467B
ADU73871.1	UPI00017E1F99
ADU73872.1	UPI00017E1F98
ADU73873.1	UPI000038FA95
ADU73874.1	UPI0000F21967
ADU73875.1	UPI00003C8ECD
ADU73876.1	UPI00005341DB
ADU73877.1	UPI0000534905
ADU73878.1	UPI0000F21966
ADU73879.1	UPI000038FA8F
ADU73880.1	UPI000038FA8E
ADU73881.1	UPI0001B1ED83
ADU73882.1	UPI000038FA8B
ADU73883.1	UPI000038FA8A
ADU73884.1	UPI0001B1ED82
ADU73885.1	UPI00003C8EC4
ADU73886.1	UPI000038FA88
ADU73887.1	UPI00003C8EC2
ADU73888.1	UPI000053506E
ADU73889.1	UPI000053664A
ADU73890.1	UPI00003C8EC1
ADU73891.1	UPI00003C8EC0
ADU73892.1	UPI0001B1EF31
ADU73893.1	UPI0000F2195D
ADU73894.1	UPI00017E1E1E
ADU73895.1	UPI0001F3298E
ADU73896.1	UPI00017E3E22
ADU73897.1	UPI00003C8EBD
ADU73898.1	UPI0000F2195C
ADU73899.1	UPI0000F2195B
ADU73900.1	UPI00003C8E81
ADU73901.1	UPI00017E1E1B
ADU73902.1	UPI000038FBCC
ADU73903.1	UPI000038FBCB
ADU73904.1	UPI00003C8E83
ADU73905.1	UPI0001B1F058
ADU73906.1	UPI000038FBC7
ADU73907.1	UPI0001B1F057
ADU73908.1	UPI0001F3298F
ADU73909.1	UPI0001F32990
ADU73910.1	UPI000038FBC4
ADU73911.1	UPI0001B1F056
ADU73912.1	UPI0001B1F055
ADU73913.1	UPI0001B1F054
ADU73914.1	UPI00017E45F7
ADU73915.1	UPI000038FDE2
ADU73916.1	UPI00003C8E88
ADU73917.1	UPI0001F329C4
ADU73918.1	UPI000038FD59
ADU73919.1	UPI00017E4208
ADU73920.1	UPI000038FD5B
ADU73921.1	UPI0000532AD9
ADU73922.1	UPI000038FD5D
ADU73923.1	UPI00017E4207
ADU73924.1	UPI00017E4206
ADU73925.1	UPI000038FD9C
ADU73926.1	UPI0001B1F028
ADU73927.1	UPI00005348BF
ADU73928.1	UPI00005341AC
ADU73929.1	UPI00003C8FE9
ADU73930.1	UPI0000537C05
ADU73931.1	UPI000038FCB3
ADU73932.1	UPI000038FCB2
ADU73933.1	UPI000038FCB1
ADU73934.1	UPI00017E5E9C
ADU73935.1	UPI0000F21946
ADU73936.1	UPI000038FCAE
ADU73937.1	UPI0001B1F026
ADU73938.1	UPI0001F329C5
ADU73939.1	UPI00003C8FE4
ADU73940.1	UPI0000F21945
ADU73941.1	UPI0000F21944
ADU73942.1	UPI00005377AE
ADU73943.1	UPI0001C1466C
ADU73944.1	UPI00003C900C
ADU73945.1	UPI0001B1EEBB
ADU73946.1	UPI0001B1EEBA
ADU73947.1	UPI0001B1EEB9
ADU73948.1	UPI00003C900B
ADU73949.1	UPI0000F2193D
ADU73950.1	UPI0001B1EEB8
ADU73951.1	UPI0000537F00
ADU73952.1	UPI0001B1EEB7
ADU73953.1	UPI0001F329F0
ADU73954.1	UPI0001B1EF97
ADU73955.1	UPI00003C9008
ADU73956.1	UPI000038FCA1
ADU73957.1	UPI0001B1EF51
ADU73958.1	UPI0001B1EF50
ADU73959.1	UPI000038FC9F
ADU73960.1	UPI000038FC9E
ADU73961.1	UPI00003C9032
ADU73962.1	UPI00003C9033
ADU73963.1	UPI000038FC9C
ADU73964.1	UPI000038FC9B
ADU73965.1	UPI000038FC9A
ADU73966.1	UPI000038FC99
ADU73967.1	UPI0000F218C1
ADU73968.1	UPI00005352B4
ADU73969.1	UPI0001B1EF4D
ADU73970.1	UPI0001B1EF4C
ADU73971.1	UPI0001B1EF4B
ADU73972.1	UPI000053770F
ADU73973.1	UPI00003C903A
ADU73974.1	UPI000053186B
ADU73975.1	UPI0000F218C0
ADU73976.1	UPI00003C8A6C
ADU73977.1	UPI0001B1EF4A
ADU73978.1	UPI000038FB43
ADU73979.1	UPI0000534945
ADU73980.1	UPI0001B1EF49
ADU73981.1	UPI00017E5A81
ADU73982.1	UPI000038FB3F
ADU73983.1	UPI000038FB3E
ADU73984.1	UPI00017E566D
ADU73985.1	UPI00017E566C
ADU73986.1	UPI000038FB3B
ADU73987.1	UPI00003C8A70
ADU73988.1	UPI0001B1EF48
ADU73989.1	UPI000038FB38
ADU73990.1	UPI00005324EC
ADU73991.1	UPI00017E566A
ADU73992.1	UPI0001F32A1F
ADU73993.1	UPI0001B1EF19
ADU73994.1	UPI00017E5668
ADU73995.1	UPI000038FDD2
ADU73996.1	UPI00017E5667
ADU73997.1	UPI000038FDD0
ADU73998.1	UPI00003C8A74
ADU73999.1	UPI00003C8A75
ADU74000.1	UPI0001B1EF18
ADU74001.1	UPI00003C8A77
ADU74002.1	UPI000038FCB9
ADU74003.1	UPI000038FCBA
ADU74004.1	UPI00003C8A78
ADU74005.1	UPI000038FCBC
ADU74006.1	UPI00017E5261
ADU74007.1	UPI000038FCBD
ADU74008.1	UPI000038FCBE
ADU74009.1	UPI0001B1EF17
ADU74010.1	UPI000038FCC0
ADU74011.1	UPI00005366A1
ADU74012.1	UPI000038FCC2
ADU74013.1	UPI0001B1EF16
ADU74014.1	UPI00003C8A7C
ADU74015.1	UPI0001B1EF15
ADU74016.1	UPI0000537507
ADU74017.1	UPI0001B1EF14
ADU74018.1	UPI0001B1EF13
ADU74019.1	UPI00003C8A7E
ADU74020.1	UPI00003C8A7F
ADU74021.1	UPI0000F218A4
ADU74022.1	UPI00017E628F
ADU74023.1	UPI000038F682
ADU74024.1	UPI0001F32A48
ADU74025.1	UPI00003C8A82
ADU74026.1	UPI000038F685
ADU74027.1	UPI000038F686
ADU74028.1	UPI00005350A6
ADU74029.1	UPI000038FD6D
ADU74030.1	UPI0000535F92
ADU74031.1	UPI00017E628D
ADU74032.1	UPI0001F32A49
ADU74033.1	UPI000038FD6A
ADU74034.1	UPI000038FD69
ADU74035.1	UPI000038FD68
ADU74036.1	UPI00003C8A84
ADU74037.1	UPI00017E628C
ADU74038.1	UPI00003C8A86
ADU74039.1	UPI0001B1ED0E
ADU74040.1	UPI000053167A
ADU74041.1	UPI0001F32A4A
ADU74042.1	UPI000038FC89
ADU74043.1	UPI0000533AC7
ADU74044.1	UPI00003C8A88
ADU74045.1	UPI0000531674
ADU74046.1	UPI00005324EE
ADU74047.1	UPI00003C8A8A
ADU74048.1	UPI0000531D8F
ADU74049.1	UPI00003C8A8D
ADU74050.1	UPI000038F688
ADU74051.1	UPI0001F32A73
ADU74052.1	UPI00003C8A8E
ADU74053.1	UPI000038F68A
ADU74054.1	UPI000038F68B
ADU74055.1	UPI000038F68C
ADU74056.1	UPI0000534222
ADU74057.1	UPI000038F68E
ADU74058.1	UPI0001B1ED09
ADU74059.1	UPI000038F690
ADU74060.1	UPI0001B1F07B
ADU74061.1	UPI00017E35C0
ADU74062.1	UPI0001B1F07A
ADU74063.1	UPI00003C8A93
ADU74064.1	UPI00003C8A94
ADU74065.1	UPI000038F695
ADU74066.1	UPI00003C8A95
ADU74067.1	UPI000038F697
ADU74068.1	UPI0000534226
ADU74069.1	UPI0001B1F079
ADU74070.1	UPI000053581D
ADU74071.1	UPI000038F69B
ADU74072.1	UPI00017E17E6
ADU74073.1	UPI0001B1F078
ADU74074.1	UPI00017E17E5
ADU74075.1	UPI00003C8A99
ADU74076.1	UPI000038F7D4
ADU74077.1	UPI0001B1F077
ADU74078.1	UPI000038F7D2
ADU74079.1	UPI0001B1F076
ADU74080.1	UPI0001B1F075
ADU74081.1	UPI000038F69E
ADU74082.1	UPI0001B1F074
ADU74083.1	UPI000038F6A0
ADU74084.1	UPI000038F6A1
ADU74085.1	UPI00017E2152
ADU74086.1	UPI0001B1F073
ADU74087.1	UPI0001B1F072
ADU74088.1	UPI000038F6A5
ADU74089.1	UPI0001F41E65
ADU74090.1	UPI0001B1ED43
ADU74091.1	UPI00017E214F
ADU74092.1	UPI00017E214E
ADU74093.1	UPI000038F7CD
ADU74094.1	UPI0000F2189B
ADU74095.1	UPI00003C8BFB
ADU74096.1	UPI0001F32AA1
ADU74097.1	UPI00003C8BFA
ADU74098.1	UPI00003C8BF9
ADU74099.1	UPI000038F7CA
ADU74100.1	UPI000038F7C9
ADU74101.1	UPI0000537FB9
ADU74102.1	UPI000038F7C8
ADU74103.1	UPI0001B1EFA8
ADU74104.1	UPI0001B1EFA7
ADU74105.1	UPI0000532864
ADU74106.1	UPI0001B1EFA6
ADU74107.1	UPI000038F7C3
ADU74108.1	UPI000038F7C2
ADU74109.1	UPI000038F7C1
ADU74110.1	UPI0000536306
ADU74111.1	UPI000038F7BF
ADU74112.1	UPI0001F328D2
ADU74113.1	UPI00017E4E32
ADU74114.1	UPI00003C8BF5
ADU74115.1	UPI0000534CA3
ADU74116.1	UPI0001B1EFA5
ADU74117.1	UPI00003C8BF3
ADU74118.1	UPI00017E4A16
ADU74119.1	UPI000053786A
ADU74120.1	UPI000038FB8F
ADU74121.1	UPI00017E4A15
ADU74122.1	UPI000038FB8D
ADU74123.1	UPI00017E4A14
ADU74124.1	UPI00005386C2
ADU74125.1	UPI000038FB8A
ADU74126.1	UPI00003C8BED
ADU74127.1	UPI00003C8BEC
ADU74128.1	UPI0001B1EF63
ADU74129.1	UPI0001F328D3
ADU74130.1	UPI00003C8CB2
ADU74131.1	UPI0001B1EF00
ADU74132.1	UPI0000535143
ADU74133.1	UPI00003C8E18
ADU74134.1	UPI0000533413
ADU74135.1	UPI00017E66EB
ADU74136.1	UPI000038F93D
ADU74137.1	UPI000038F93C
ADU74138.1	UPI000038F93B
ADU74139.1	UPI00003C8E14
ADU74140.1	UPI000038F939
ADU74141.1	UPI0001F328FF
ADU74142.1	UPI00003C8E13
ADU74143.1	UPI000038F935
ADU74144.1	UPI000038F934
ADU74145.1	UPI0001B1ED80
ADU74146.1	UPI000038F932
ADU74147.1	UPI00003C8E10
ADU74148.1	UPI000038F930
ADU74149.1	UPI0000536019
ADU74150.1	UPI0001B1ED7F
ADU74151.1	UPI000038F92D
ADU74152.1	UPI00017E6AFA
ADU74153.1	UPI000038F92C
ADU74154.1	UPI00003C8E0E
ADU74155.1	UPI000038F92A
ADU74156.1	UPI0001F32900
ADU74157.1	UPI00017E6AFB
ADU74158.1	UPI00005349D7
ADU74159.1	UPI000038F927
ADU74160.1	UPI0001B1ED46
ADU74161.1	UPI0001B1ED45
ADU74162.1	UPI0000538420
ADU74163.1	UPI000038F923
ADU74164.1	UPI00003C8BCF
ADU74165.1	UPI00017E3E06
ADU74166.1	UPI000038FAA2
ADU74167.1	UPI0001B1ED44
ADU74168.1	UPI0001C1462F
ADU74169.1	UPI0001F32901
ADU74170.1	UPI00005337F3
ADU74171.1	UPI0001B1ED50
ADU74172.1	UPI0001B1ED4F
ADU74173.1	UPI0001B1ED4E
ADU74174.1	UPI0001B1ED4D
ADU74175.1	UPI000038FA9A
ADU74176.1	UPI0001B1ED4C
ADU74177.1	UPI0001B1ED4B
ADU74178.1	UPI0001B1ED4A
ADU74179.1	UPI0000534698
ADU74180.1	UPI00003C8BC5
ADU74181.1	UPI00003C8BC4
ADU74182.1	UPI00003C8BC3
ADU74183.1	UPI00003C8BC2
ADU74184.1	UPI00003C8BC1
ADU74185.1	UPI00003C8BC0
ADU74186.1	UPI0001B1ED2B
ADU74187.1	UPI0000F218DE
ADU74188.1	UPI00003C8BBC
ADU74189.1	UPI00003C8BBB
ADU74190.1	UPI00003C8BBA
ADU74191.1	UPI00003C8BB9
ADU74192.1	UPI0001B1ED2A
ADU74193.1	UPI00005313AB
ADU74194.1	UPI0000533808
ADU74195.1	UPI000038F901
ADU74196.1	UPI000038F900
ADU74197.1	UPI0000536AFA
ADU74198.1	UPI0000534DDE
ADU74199.1	UPI00003C8BB6
ADU74200.1	UPI00003C8BB5
ADU74201.1	UPI0001F3292E
ADU74202.1	UPI0001B1ED29
ADU74203.1	UPI000038F8F9
ADU74204.1	UPI000038F8F8
ADU74205.1	UPI000038F8F7
ADU74206.1	UPI00017E5E8A
ADU74207.1	UPI00017E5E89
ADU74208.1	UPI000038F8F4
ADU74209.1	UPI000038F8F3
ADU74210.1	UPI000038F8F2
ADU74211.1	UPI00017E5E88
ADU74212.1	UPI000038F8F1
ADU74213.1	UPI0000532248
ADU74214.1	UPI000038F8EF
ADU74215.1	UPI0001B1ED28
ADU74216.1	UPI0001B1ED27
ADU74217.1	UPI000038F8EC
ADU74218.1	UPI0000F218D7
ADU74219.1	UPI000038F8EA
ADU74220.1	UPI000038F8E9
ADU74221.1	UPI0001B1ED26
ADU74222.1	UPI000053553C
ADU74223.1	UPI000038F8E6
ADU74224.1	UPI000038F8E5
ADU74225.1	UPI0001B1ED02
ADU74226.1	UPI0001B1ED01
ADU74227.1	UPI00003C8BAB
ADU74228.1	UPI00005313B9
ADU74229.1	UPI00003C8BAA
ADU74230.1	UPI000038F8E0
ADU74231.1	UPI0001B1ED00
ADU74232.1	UPI000038F8DE
ADU74233.1	UPI000038F8DD
ADU74234.1	UPI000038F8DC
ADU74235.1	UPI00005337E3
ADU74236.1	UPI0001F32939
ADU74237.1	UPI0001B1ECFE
ADU74238.1	UPI0001B1ECFD
ADU74239.1	UPI0001B1ECFC
ADU74240.1	UPI0000536B72
ADU74241.1	UPI0000F218BC
ADU74242.1	UPI00005322B4
ADU74243.1	UPI00017E460E
ADU74244.1	UPI0000537A2E
ADU74245.1	UPI00003C8FA8
ADU74246.1	UPI000038FC55
ADU74247.1	UPI0000536B89
ADU74248.1	UPI000038FC57
ADU74249.1	UPI0001F32947
ADU74250.1	UPI000012528A
ADU74251.1	UPI00003C8FAB
ADU74252.1	UPI00003C8FAC
ADU74253.1	UPI0001B1ECFB
ADU74254.1	UPI0000531B26
ADU74255.1	UPI0001B1ECFA
ADU74256.1	UPI0000533FF3
ADU74257.1	UPI00003C8FB1
ADU74258.1	UPI0001B1ECF9
ADU74259.1	UPI0001B1F068
ADU74260.1	UPI0000F218BA
ADU74261.1	UPI0001C146AD
ADU74262.1	UPI000038FCD6
ADU74263.1	UPI000038FCD5
ADU74264.1	UPI000038FCD4
ADU74265.1	UPI0001B1F067
ADU74266.1	UPI0001B1F066
ADU74267.1	UPI00003C9071
ADU74268.1	UPI00003C9070
ADU74269.1	UPI000038FDC5
ADU74270.1	UPI000038FDC6
ADU74271.1	UPI0000537A67
ADU74272.1	UPI0000F218B9
ADU74273.1	UPI0000F218B8
ADU74274.1	UPI0000F218B7
ADU74275.1	UPI0000F218B6
ADU74276.1	UPI0001B1F064
ADU74277.1	UPI0000F218AE
ADU74278.1	UPI0000F218AD
ADU74279.1	UPI0000F218AC
ADU74280.1	UPI00003C90DB
ADU74281.1	UPI0000535550
ADU74282.1	UPI000038FD61
ADU74283.1	UPI0001B1F063
ADU74284.1	UPI0001F3294F
ADU74285.1	UPI00003C90DE
ADU74286.1	UPI0000F218AB
ADU74287.1	UPI0000F218AA
ADU74288.1	UPI0000F218A9
ADU74289.1	UPI0001F32950
ADU74290.1	UPI0001B1F061
ADU74291.1	UPI000038FBAD
ADU74292.1	UPI000038FBAC
ADU74293.1	UPI000038FBAB
ADU74294.1	UPI00003C8F42
ADU74295.1	UPI00003C8F43
ADU74296.1	UPI0001B1F041
ADU74297.1	UPI000038FBA8
ADU74298.1	UPI00017E6AFE
ADU74299.1	UPI00005328C4
ADU74300.1	UPI0001F32951
ADU74301.1	UPI00017E6EDC
ADU74302.1	UPI000038FBA4
ADU74303.1	UPI00003C8F44
ADU74304.1	UPI00003C8F45
ADU74305.1	UPI00003C8F46
ADU74306.1	UPI00017E4211
ADU74307.1	UPI00003C8F48
ADU74308.1	UPI000053217F
ADU74309.1	UPI00003C8F49
ADU74310.1	UPI000038FE64
ADU74311.1	UPI00003C8CB2
ADU74312.1	UPI000038FE6D
ADU74313.1	UPI000038FB68
ADU74314.1	UPI000038FB67
ADU74315.1	UPI00003C8DFF
ADU74316.1	UPI00003C8DFE
ADU74317.1	UPI0000531BF6
ADU74318.1	UPI000038FB63
ADU74319.1	UPI0001B1EE7C
ADU74320.1	UPI000038FB61
ADU74321.1	UPI00017E5EA1
ADU74322.1	UPI0000F218A3
ADU74323.1	UPI000038FB5E
ADU74324.1	UPI000038FB5D
ADU74325.1	UPI00003C8DFA
ADU74326.1	UPI00017E4A21
ADU74327.1	UPI00003C8DF9
ADU74328.1	UPI000038FB5A
ADU74329.1	UPI00003C8DF7
ADU74330.1	UPI000038FB58
ADU74331.1	UPI00003C8DF6
ADU74332.1	UPI00017E4A23
ADU74333.1	UPI00003C8DF4
ADU74334.1	UPI00003C8DF3
ADU74335.1	UPI000038FBD8
ADU74336.1	UPI0001B1EE78
ADU74337.1	UPI000038FBDA
ADU74338.1	UPI0000533949
ADU74339.1	UPI000038FBDC
ADU74340.1	UPI0001B1EE77
ADU74341.1	UPI000038FBDE
ADU74342.1	UPI0001B1EE76
ADU74343.1	UPI0000537AD0
ADU74344.1	UPI0000534F31
ADU74345.1	UPI00003C8DEF
ADU74346.1	UPI00003C8DEE
ADU74347.1	UPI000038FBE4
ADU74348.1	UPI00003C8DED
ADU74349.1	UPI0000F218A0
ADU74350.1	UPI00003C9190
ADU74351.1	UPI0000F2189F
ADU74352.1	UPI00003C90CD
ADU74353.1	UPI0001C14691
ADU74354.1	UPI00005323B6
ADU74355.1	UPI00017E45FA
ADU74356.1	UPI00003C90D1
ADU74357.1	UPI00003C90D2
ADU74358.1	UPI00017E45FB
ADU74359.1	UPI00017E45FC
ADU74360.1	UPI0001B1EE40
ADU74361.1	UPI0001C1462F
ADU74362.1	UPI0001F32962
ADU74363.1	UPI0001F32963
ADU74364.1	UPI00003C90C2
ADU74365.1	UPI00003C90C3
ADU74366.1	UPI0001B1EFDA
ADU74367.1	UPI0001B1EFD9
ADU74368.1	UPI000038FC06
ADU74369.1	UPI0001B1EFD8
ADU74370.1	UPI0001F32964
ADU74371.1	UPI0001F32965
ADU74372.1	UPI00003C8EB8
ADU74373.1	UPI000038FC0A
ADU74374.1	UPI0000F21898
ADU74375.1	UPI00003C8EB7
ADU74376.1	UPI00003C8EB6
ADU74377.1	UPI00017E4A19
ADU74378.1	UPI00003C8EB4
ADU74379.1	UPI0000F21897
ADU74380.1	UPI00003C8EB2
ADU74381.1	UPI000038FD8A
ADU74382.1	UPI000038FD89
ADU74383.1	UPI000038FD88
ADU74384.1	UPI0001B1EFD6
ADU74385.1	UPI0001F3296E
ADU74386.1	UPI000038FD86
ADU74387.1	UPI0001B1EFD3
ADU74388.1	UPI0000F21896
ADU74389.1	UPI00003C8EB0
ADU74390.1	UPI00003C8EAF
ADU74391.1	UPI00003C8EAE
ADU74392.1	UPI000038FD07
ADU74393.1	UPI000038FD06
ADU74394.1	UPI00017E4E37
ADU74395.1	UPI0001F3296F
ADU74396.1	UPI00003C8EAC
ADU74397.1	UPI000038FD02
ADU74398.1	UPI00005336DA
ADU74399.1	UPI0000F218FC
ADU74400.1	UPI000038FCFF
ADU74401.1	UPI0000533E3F
ADU74402.1	UPI00003C8EAA
ADU74403.1	UPI00003C8EA9
ADU74404.1	UPI0000F218FB
ADU74405.1	UPI0000538579
ADU74406.1	UPI00003C8F3B
ADU74407.1	UPI00001375B7
ADU74408.1	UPI0001B1EF9C
ADU74409.1	UPI000038FDEF
ADU74410.1	UPI000038FDEE
ADU74411.1	UPI000038FDED
ADU74412.1	UPI00017E567D
ADU74413.1	UPI00017E567E
ADU74414.1	UPI00003C8F38
ADU74415.1	UPI00003C8F37
ADU74416.1	UPI00003C8F36
ADU74417.1	UPI00003C8F35
ADU74418.1	UPI000038FC41
ADU74419.1	UPI000038FC40
ADU74420.1	UPI000038FC3F
ADU74421.1	UPI000038FC3E
ADU74422.1	UPI000038FC3D
ADU74423.1	UPI0001B1EF9A
ADU74424.1	UPI000038FC3B
ADU74425.1	UPI00017E5A90
ADU74426.1	UPI0000531F9F
ADU74427.1	UPI000038FC38
ADU74428.1	UPI000038FC37
ADU74429.1	UPI000053857E
ADU74430.1	UPI00003C8F2F
ADU74431.1	UPI0001B1EF99
ADU74432.1	UPI000053185B
ADU74433.1	UPI00017E3E1E
ADU74434.1	UPI0000F218F3
ADU74435.1	UPI0001B1EF98
ADU74436.1	UPI000038FDF7
ADU74437.1	UPI000038FDF8
ADU74438.1	UPI00017E3E22
ADU74439.1	UPI0000F218F1
ADU74440.1	UPI00005360AE
ADU74441.1	UPI00003C911F
ADU74442.1	UPI0000531EBD
ADU74443.1	UPI0000F218EC
ADU74444.1	UPI0000F218EB
ADU74445.1	UPI0000F218EA
ADU74446.1	UPI00003C914E
ADU74447.1	UPI00003C914F
ADU74448.1	UPI000053812A
ADU74449.1	UPI0001B1EF23
ADU74450.1	UPI00003C9152
ADU74451.1	UPI0000F218E9
ADU74452.1	UPI00003C8DA0
ADU74453.1	UPI0001B1EF22
ADU74454.1	UPI000038F86A
ADU74455.1	UPI000038F869
ADU74456.1	UPI00005332AF
ADU74457.1	UPI0000531CC4
ADU74458.1	UPI000038F866
ADU74459.1	UPI00017E2AFA
ADU74460.1	UPI0001B1EF21
ADU74461.1	UPI0001B1EF20
ADU74462.1	UPI0001B1EF1F
ADU74463.1	UPI0001B1EF1E
ADU74464.1	UPI000038F85F
ADU74465.1	UPI000038F85E
ADU74466.1	UPI0001B1EEF9
ADU74467.1	UPI000038F85C
ADU74468.1	UPI000038F85B
ADU74469.1	UPI00017E2C8E
ADU74470.1	UPI00017E2C8F
ADU74471.1	UPI00003C8D96
ADU74472.1	UPI00017E2C92
ADU74473.1	UPI0001B1EEF7
ADU74474.1	UPI000038F855
ADU74475.1	UPI000038F854
ADU74476.1	UPI000038F853
ADU74477.1	UPI000038F852
ADU74478.1	UPI0000531599
ADU74479.1	UPI0000533292
ADU74480.1	UPI00003C8D95
ADU74481.1	UPI00017E2E21
ADU74482.1	UPI0001B1EEF6
ADU74483.1	UPI00003C8CB2
ADU74484.1	UPI000038F84E
ADU74485.1	UPI000038F84D
ADU74486.1	UPI0000533A0B
ADU74487.1	UPI0001B1EF96
ADU74488.1	UPI0001B1EF95
ADU74489.1	UPI00017E2E26
ADU74490.1	UPI000038FE18
ADU74491.1	UPI00003C8D90
ADU74492.1	UPI0000F218DD
ADU74493.1	UPI0000F218DC
ADU74494.1	UPI0000F218DB
ADU74495.1	UPI00003C8FED
ADU74496.1	UPI00005380B1
ADU74497.1	UPI0001B1EF94
ADU74498.1	UPI00005346A4
ADU74499.1	UPI00017E4609
ADU74500.1	UPI00003C8FF1
ADU74501.1	UPI0001B1EF93
ADU74502.1	UPI0001B1EF92
ADU74503.1	UPI00003C8FF3
ADU74504.1	UPI00017E4608
ADU74505.1	UPI00017E4607
ADU74506.1	UPI0000533F58
ADU74507.1	UPI000038F958
ADU74508.1	UPI0001B1EF91
ADU74509.1	UPI0001B1EF90
ADU74510.1	UPI00003C8FF7
ADU74511.1	UPI0000533F50
ADU74512.1	UPI0000F218D5
ADU74513.1	UPI0000F218D4
ADU74514.1	UPI0000F218D3
ADU74515.1	UPI000038FEE5
ADU74516.1	UPI0000F218D2
ADU74517.1	UPI0000F218D1
ADU74518.1	UPI0000F218D0
ADU74519.1	UPI0001B1EF8E
ADU74520.1	UPI00003C8F96
ADU74521.1	UPI000038F955
ADU74522.1	UPI0000532B24
ADU74523.1	UPI00003C8F95
ADU74524.1	UPI00017E3A0F
ADU74525.1	UPI000038F951
ADU74526.1	UPI0000531C94
ADU74527.1	UPI0001B1EF47
ADU74528.1	UPI000038F94E
ADU74529.1	UPI000038F94D
ADU74530.1	UPI00003C8F93
ADU74531.1	UPI00017E3A0C
ADU74532.1	UPI0001B1EF46
ADU74533.1	UPI00003C8F91
ADU74534.1	UPI000038F949
ADU74535.1	UPI00003C8F90
ADU74536.1	UPI000038F947
ADU74537.1	UPI000038F946
ADU74538.1	UPI0001B1EF45
ADU74539.1	UPI000038F944
ADU74540.1	UPI0000534FA0
ADU74541.1	UPI00003C8F8C
ADU74542.1	UPI0000F218C8
ADU74543.1	UPI0000F218C7
ADU74544.1	UPI00003C8EFA
ADU74545.1	UPI00003C8EFB
ADU74546.1	UPI0000F218C6
ADU74547.1	UPI0001B1EF44
ADU74548.1	UPI00003C8EFC
ADU74549.1	UPI0001B1EF43
ADU74550.1	UPI000038FA22
ADU74551.1	UPI000038FA21
ADU74552.1	UPI00005367E7
ADU74553.1	UPI00003C8EFE
ADU74554.1	UPI000038FA1E
ADU74555.1	UPI00017E6EDB
ADU74556.1	UPI00005351FF
ADU74557.1	UPI000038FA1B
ADU74558.1	UPI000038FA1A
ADU74559.1	UPI00017E6EDA
ADU74560.1	UPI000038FA18
ADU74561.1	UPI000038FA17
ADU74562.1	UPI00003C8F00
ADU74563.1	UPI00003C8F01
ADU74564.1	UPI00003C8F02
ADU74565.1	UPI000038FA15
ADU74566.1	UPI000038FA14
ADU74567.1	UPI00005384CF
ADU74568.1	UPI00003C8F04
ADU74569.1	UPI0000F218B4
ADU74570.1	UPI00003C9184
ADU74571.1	UPI000053187C
ADU74572.1	UPI0000F218B3
ADU74573.1	UPI00003C90B9
ADU74574.1	UPI000038FA67
ADU74575.1	UPI000038FA66
ADU74576.1	UPI00017E22E2
ADU74577.1	UPI00003C90BA
ADU74578.1	UPI000038FA63
ADU74579.1	UPI0000F218B2
ADU74580.1	UPI0000F218B1
ADU74581.1	UPI00003C90BC
ADU74582.1	UPI00003C90BD
ADU74583.1	UPI000038FA5E
ADU74584.1	UPI000038FA5D
ADU74585.1	UPI000038FA5C
ADU74586.1	UPI0001B1EF0F
ADU74587.1	UPI00003C90BF
ADU74588.1	UPI0000537A75
ADU74589.1	UPI00005332CB
ADU74590.1	UPI0000531CA7
ADU74591.1	UPI000038FA57
ADU74592.1	UPI0001B1EF0C
ADU74593.1	UPI0000534167
ADU74594.1	UPI000038FA54
ADU74595.1	UPI000038FA53
ADU74596.1	UPI000038FA52
ADU74597.1	UPI0000F218A8
ADU74598.1	UPI00003C8E7D
ADU74599.1	UPI00003C8E7C
ADU74600.1	UPI000038FA4E
ADU74601.1	UPI0001F32A4B
ADU74602.1	UPI0000538548
ADU74603.1	UPI0000F218A7
ADU74604.1	UPI0000536F88
ADU74605.1	UPI0000536153
ADU74606.1	UPI0001B1ED30
ADU74607.1	UPI000038F60E
ADU74608.1	UPI000038F60F
ADU74609.1	UPI00017E1F8F
ADU74610.1	UPI00017E1F8E
ADU74611.1	UPI000038F612
ADU74612.1	UPI000038F613
ADU74613.1	UPI000038F614
ADU74614.1	UPI00003C8E75
ADU74615.1	UPI000038F616
ADU74616.1	UPI0001F32A74
ADU74617.1	UPI000038F617
ADU74618.1	UPI0001B1ED2F
ADU74619.1	UPI0001B1ED2E
ADU74620.1	UPI00017E1F8A
ADU74621.1	UPI000038F61B
ADU74622.1	UPI0000537E30
ADU74623.1	UPI000038F61D
ADU74624.1	UPI00017E1F89
ADU74625.1	UPI0001B1ED2D
ADU74626.1	UPI00017E1F87
ADU74627.1	UPI00017E1F86
ADU74628.1	UPI000038F620
ADU74629.1	UPI0001B1ED2C
ADU74630.1	UPI000038F621
ADU74631.1	UPI00017E1E07
ADU74632.1	UPI00003C8F4B
ADU74633.1	UPI000038F624
ADU74634.1	UPI000038F625
ADU74635.1	UPI0001B1ED08
ADU74636.1	UPI0001B1ED07
ADU74637.1	UPI0001F32A75
ADU74638.1	UPI000038F628
ADU74639.1	UPI00003C8F4E
ADU74640.1	UPI000038F62A
ADU74641.1	UPI0000F218A2
ADU74642.1	UPI00003C8F51
ADU74643.1	UPI000038F62D
ADU74644.1	UPI000038F62E
ADU74645.1	UPI0000537F64
ADU74646.1	UPI000038F62F
ADU74647.1	UPI000038F630
ADU74648.1	UPI000038F631
ADU74649.1	UPI000038F632
ADU74650.1	UPI00003C8F54
ADU74651.1	UPI0000F2189E
ADU74652.1	UPI00003C8CA0
ADU74653.1	UPI0001B1ED04
ADU74654.1	UPI00003C8CA2
ADU74655.1	UPI000038F634
ADU74656.1	UPI000038F635
ADU74657.1	UPI000038F636
ADU74658.1	UPI000038F637
ADU74659.1	UPI000038F638
ADU74660.1	UPI000038F639
ADU74661.1	UPI000038F63A
ADU74662.1	UPI000038F63B
ADU74663.1	UPI00003C8CA4
ADU74664.1	UPI00000B933D
ADU74665.1	UPI000038F63D
ADU74666.1	UPI000038F63E
ADU74667.1	UPI000038F63F
ADU74668.1	UPI000038F640
ADU74669.1	UPI00005343AD
ADU74670.1	UPI000038F642
ADU74671.1	UPI0001F328D4
ADU74672.1	UPI00017E66CD
ADU74673.1	UPI000038F645
ADU74674.1	UPI000038F646
ADU74675.1	UPI0001B1F070
ADU74676.1	UPI000038F648
ADU74677.1	UPI0001F32902
ADU74678.1	UPI0001B1F06E
ADU74679.1	UPI00017E1C89
ADU74680.1	UPI0001B1F06D
ADU74681.1	UPI0000531F06
ADU74682.1	UPI000038F64D
ADU74683.1	UPI0001B1F06C
ADU74684.1	UPI0001F32903
ADU74685.1	UPI0001B1F06B
ADU74686.1	UPI0000533519
ADU74687.1	UPI000038FB79
ADU74688.1	UPI000038FB7A
ADU74689.1	UPI00003C8CAE
ADU74690.1	UPI000038FB7C
ADU74691.1	UPI000038FB7D
ADU74692.1	UPI000038FB7E
ADU74693.1	UPI000038FB7F
ADU74694.1	UPI00003C8CAF
ADU74695.1	UPI000038FB81
ADU74696.1	UPI00017E1B19
ADU74697.1	UPI000038FB83
ADU74698.1	UPI00017E1B18
ADU74699.1	UPI00003C8D3A
ADU74700.1	UPI0001B1EF2D
ADU74701.1	UPI0001B1EF2C
ADU74702.1	UPI0001B1EF2B
ADU74703.1	UPI0001B1EF2A
ADU74704.1	UPI0001B1EF03
ADU74705.1	UPI0001B1EF02
ADU74706.1	UPI0001B1EF01
ADU74707.1	UPI0001F32904
ADU74708.1	UPI0001F32905
ADU74709.1	UPI0001F3292F
ADU74710.1	UPI00003C8C36
ADU74711.1	UPI000038FB75
ADU74712.1	UPI00017E1B0E
ADU74713.1	UPI00003C8C35
ADU74714.1	UPI00017E197D
ADU74715.1	UPI00003C8C33
ADU74716.1	UPI0001B1ED66
ADU74717.1	UPI0001B1ED65
ADU74718.1	UPI00003C8C30
ADU74719.1	UPI00003C8C2F
ADU74720.1	UPI00003C8C2E
ADU74721.1	UPI000038FB6B
ADU74722.1	UPI00003C8C2D
ADU74723.1	UPI000038FB69
ADU74724.1	UPI0000536057
ADU74725.1	UPI00017E39F9
ADU74726.1	UPI0001F32930
ADU74727.1	UPI00003C8C29
ADU74728.1	UPI00003C8C28
ADU74729.1	UPI000038FC73
ADU74730.1	UPI00017E39F7
ADU74731.1	UPI000038FC71
ADU74732.1	UPI0000533B9D
ADU74733.1	UPI00017E35D5
ADU74734.1	UPI000038FC6E
ADU74735.1	UPI000038FC6D
ADU74736.1	UPI000038FC6C
ADU74737.1	UPI000038FC6B
ADU74738.1	UPI00017E35D3
ADU74739.1	UPI00003C8C25
ADU74740.1	UPI0001B1ED39
ADU74741.1	UPI000038F609
ADU74742.1	UPI000038F608
ADU74743.1	UPI00003C8C23
ADU74744.1	UPI000038F606
ADU74745.1	UPI000038F605
ADU74746.1	UPI000038F604
ADU74747.1	UPI000038F603
ADU74748.1	UPI000038F602
ADU74749.1	UPI000038F601
ADU74750.1	UPI0001B1ED38
ADU74751.1	UPI000012BDE9
ADU74752.1	UPI000038F5FE
ADU74753.1	UPI000038F5FD
ADU74754.1	UPI0001B1ED37
ADU74755.1	UPI00003C8C21
ADU74756.1	UPI0000F218E6
ADU74757.1	UPI0001B1ED36
ADU74758.1	UPI000012BDD6
ADU74759.1	UPI000038F5F7
ADU74760.1	UPI0001B1ED35
ADU74761.1	UPI0000533BBE
ADU74762.1	UPI000038F5F3
ADU74763.1	UPI0001F3293A
ADU74764.1	UPI0001B1ED12
ADU74765.1	UPI0001F3293B
ADU74766.1	UPI000038F5F0
ADU74767.1	UPI00017E3E22
ADU74768.1	UPI00003C8C0B
ADU74769.1	UPI000038FDB3
ADU74770.1	UPI0001B1EEED
ADU74771.1	UPI00003C90F7
ADU74772.1	UPI000038FDB5
ADU74773.1	UPI000038FDB6
ADU74774.1	UPI0000531F17
ADU74775.1	UPI0001B1EEEC
ADU74776.1	UPI00017E6AF4
ADU74777.1	UPI00003C9060
ADU74778.1	UPI0001B1EEE9
ADU74779.1	UPI000038FEA6
ADU74780.1	UPI00003C905E
ADU74781.1	UPI00003C905D
ADU74782.1	UPI0001B1EEA2
ADU74783.1	UPI000038F5E6
ADU74784.1	UPI000038F5E5
ADU74785.1	UPI00003C8CF6
ADU74786.1	UPI00017E3E1C
ADU74787.1	UPI0001B1EEA1
ADU74788.1	UPI000038F5E1
ADU74789.1	UPI000038F5E0
ADU74790.1	UPI0001B1EEA0
ADU74791.1	UPI000038F5DE
ADU74792.1	UPI000053366D
ADU74793.1	UPI000038F5DC
ADU74794.1	UPI00003C8CF3
ADU74795.1	UPI000038F5DA
ADU74796.1	UPI0000536275
ADU74797.1	UPI000038F5D8
ADU74798.1	UPI000038F5D7
ADU74799.1	UPI0001B1EE9F
ADU74800.1	UPI0000538639
ADU74801.1	UPI0000533653
ADU74802.1	UPI000038F5D3
ADU74803.1	UPI0000F218CE
ADU74804.1	UPI00003C8CEF
ADU74805.1	UPI0001B1EE9E
ADU74806.1	UPI0001B1EE9D
ADU74807.1	UPI000038F5CE
ADU74808.1	UPI000038F5CD
ADU74809.1	UPI000038F5CC
ADU74810.1	UPI00003C8CEC
ADU74811.1	UPI000038F5CA
ADU74812.1	UPI00017E5275
ADU74813.1	UPI000038F5C7
ADU74814.1	UPI000038F5C6
ADU74815.1	UPI0001B1EE9C
ADU74816.1	UPI0000535AF9
ADU74817.1	UPI000038F5C3
ADU74818.1	UPI000038F5C2
ADU74819.1	UPI00003C8CE8
ADU74820.1	UPI0001B1EE74
ADU74821.1	UPI0001B1EE73
ADU74822.1	UPI0001B1EE72
ADU74823.1	UPI00003C8CE4
ADU74824.1	UPI000038F57F
ADU74825.1	UPI0001B1EE71
ADU74826.1	UPI000038F581
ADU74827.1	UPI000038F582
ADU74828.1	UPI000038F583
ADU74829.1	UPI000053863A
ADU74830.1	UPI0000F218C4
ADU74831.1	UPI0000F218C3
ADU74832.1	UPI0001B1EE70
ADU74833.1	UPI0000F218C2
ADU74834.1	UPI000038F588
ADU74835.1	UPI00003C8D03
ADU74836.1	UPI000038F58C
ADU74837.1	UPI000038F58D
ADU74838.1	UPI0000533609
ADU74839.1	UPI000053509A
ADU74840.1	UPI0001B1ED21
ADU74841.1	UPI00003C8D07
ADU74842.1	UPI00017E1F93
ADU74843.1	UPI0000536688
ADU74844.1	UPI00003C8D0A
ADU74845.1	UPI0001B1ED20
ADU74846.1	UPI000038F597
ADU74847.1	UPI00003C8D0B
ADU74848.1	UPI00003C8D0C
ADU74849.1	UPI00003C8D0D
ADU74850.1	UPI00017E1F91
ADU74851.1	UPI000038F59C
ADU74852.1	UPI000038F59D
ADU74853.1	UPI000038F59E
ADU74854.1	UPI0000534203
ADU74855.1	UPI0001B1ED1D
ADU74856.1	UPI00003C8D0F
ADU74857.1	UPI000038F5A2
ADU74858.1	UPI00005357FB
ADU74859.1	UPI0001B1F089
ADU74860.1	UPI000038F5A5
ADU74861.1	UPI00017E1E1A
ADU74862.1	UPI0000F218AF
ADU74863.1	UPI0001B1F088
ADU74864.1	UPI0001B1F087
ADU74865.1	UPI0001B1EEF5
ADU74866.1	UPI0001B1EEF4
ADU74867.1	UPI000053335C
ADU74868.1	UPI000038F5A9
ADU74869.1	UPI00017E1C7F
ADU74870.1	UPI000038F5AB
ADU74871.1	UPI00003C8D18
ADU74872.1	UPI00003C8D19
ADU74873.1	UPI000038F5AD
ADU74874.1	UPI00003C8D1A
ADU74875.1	UPI0000533AC5
ADU74876.1	UPI0000534931
ADU74877.1	UPI000038FE3D
ADU74878.1	UPI0001B1EEAD
ADU74879.1	UPI00003C8D1E
ADU74880.1	UPI0001B1EEAC
ADU74881.1	UPI00003C9099
ADU74882.1	UPI0001B1EEAB
ADU74883.1	UPI000038F5B0
ADU74884.1	UPI000038F5B1
ADU74885.1	UPI0001B1EEAA
ADU74886.1	UPI000038F5B3
ADU74887.1	UPI0001F32966
ADU74888.1	UPI000038F5B5
ADU74889.1	UPI0000534BC0
ADU74890.1	UPI000053680C
ADU74891.1	UPI0001F32967
ADU74892.1	UPI000038F5B8
ADU74893.1	UPI000038F5BB
ADU74894.1	UPI00003C8CB7
ADU74895.1	UPI0001B1EEA5
ADU74896.1	UPI0000533C4F
ADU74897.1	UPI0000534AAF
ADU74898.1	UPI000038F5BF
ADU74899.1	UPI00017E5281
ADU74900.1	UPI00003C8CB4
ADU74901.1	UPI000038FBBF
ADU74902.1	UPI0001B1EEA4
ADU74903.1	UPI00003C8CB2
ADU74904.1	UPI0000536E67
ADU74905.1	UPI000038FBBC
ADU74906.1	UPI00005349C5
ADU74907.1	UPI0001B1EEFE
ADU74908.1	UPI0001B1EEFD
ADU74909.1	UPI0001F32970
ADU74910.1	UPI0000532CE3
ADU74911.1	UPI000038FBB6
ADU74912.1	UPI000038FBB5
ADU74913.1	UPI0001F32971
ADU74914.1	UPI000038FBB4
ADU74915.1	UPI00003C9018
ADU74916.1	UPI0000533609
ADU74917.1	UPI0001F32952
ADU74918.1	UPI000053671D
ADU74919.1	UPI00017E5A89
ADU74920.1	UPI00003C8CB2
ADU74921.1	UPI000038FC64
ADU74922.1	UPI00003C8B2B
ADU74923.1	UPI0000535B70
ADU74924.1	UPI00003C8B2D
ADU74925.1	UPI0000533E15
ADU74926.1	UPI00017E5676
ADU74927.1	UPI00003C8B2F
ADU74928.1	UPI00003C8F5F
ADU74929.1	UPI00005341D0
ADU74930.1	UPI00003C8F5E
ADU74931.1	UPI0001B1ED42
ADU74932.1	UPI000038F98F
ADU74933.1	UPI0001B1ED41
ADU74934.1	UPI000038F991
ADU74935.1	UPI000038F992
ADU74936.1	UPI000038F993
ADU74937.1	UPI000038F994
ADU74938.1	UPI000038F995
ADU74939.1	UPI000038F997
ADU74940.1	UPI000038F998
ADU74941.1	UPI0001B1ED25
ADU74942.1	UPI000038F99A
ADU74943.1	UPI000038F99B
ADU74944.1	UPI0001B1ED24
ADU74945.1	UPI00003C8F58
ADU74946.1	UPI0001B1ED23
ADU74947.1	UPI000038F99D
ADU74948.1	UPI0001B1ED22
ADU74949.1	UPI00017E3E22
ADU74950.1	UPI0001B1EE49
ADU74951.1	UPI000038F99F
ADU74952.1	UPI0001F32991
ADU74953.1	UPI0001B1EE46
ADU74954.1	UPI000038F9A1
ADU74955.1	UPI00005351A2
ADU74956.1	UPI000038F9A4
ADU74957.1	UPI0001B1EE45
ADU74958.1	UPI000038F9A6
ADU74959.1	UPI0000F21895
ADU74960.1	UPI000038F9A8
ADU74961.1	UPI00003C8F79
ADU74962.1	UPI00005351A3
ADU74963.1	UPI0001B1EE44
ADU74964.1	UPI0001B1EE43
ADU74965.1	UPI0001B1EE42
ADU74966.1	UPI00003C8ABF
ADU74967.1	UPI0001B1EDF8
ADU74968.1	UPI0001B1EDF7
ADU74969.1	UPI0000F21894
ADU74970.1	UPI00003C9109
ADU74971.1	UPI0001B1EDC1
ADU74972.1	UPI00003C910B
ADU74973.1	UPI0000537F10
ADU74974.1	UPI0001B1EDC0
ADU74975.1	UPI000038FE45
ADU74976.1	UPI0001B1EDBF
ADU74977.1	UPI0001B1EDBE
ADU74978.1	UPI0000F218FA
ADU74979.1	UPI0001B1EDBD
ADU74980.1	UPI0000F218F7
ADU74981.1	UPI000038FD64
ADU74982.1	UPI00003C9133
ADU74983.1	UPI0001F32952
ADU74984.1	UPI0001B1F021
ADU74985.1	UPI00003C8AA7
ADU74986.1	UPI00017E17E2
ADU74987.1	UPI0001B1F01E
ADU74988.1	UPI000038F7BB
ADU74989.1	UPI000038F7B9
ADU74990.1	UPI00017E17DE
ADU74991.1	UPI000038F7B8
ADU74992.1	UPI000038F7B7
ADU74993.1	UPI0001B1EFDD
ADU74994.1	UPI000038F7B5
ADU74995.1	UPI000038F7B4
ADU74996.1	UPI00017E2FD3
ADU74997.1	UPI00003C8AAD
ADU74998.1	UPI00017E2FD2
ADU74999.1	UPI00017E2FD1
ADU75000.1	UPI000038F7B1
ADU75001.1	UPI00003C8AAE
ADU75002.1	UPI000038F7AF
ADU75003.1	UPI00017E2FCF
ADU75004.1	UPI00005350A2
ADU75005.1	UPI000038F7AC
ADU75006.1	UPI000038F7AB
ADU75007.1	UPI000012BDCA
ADU75008.1	UPI00003C8AB2
ADU75009.1	UPI00017E2FCB
ADU75010.1	UPI0000534227
ADU75011.1	UPI000038F7A6
ADU75012.1	UPI00003C8AB4
ADU75013.1	UPI00003C8AB5
ADU75014.1	UPI0000535F9D
ADU75015.1	UPI00003C8AB7
ADU75016.1	UPI0001B1EFDB
ADU75017.1	UPI00005350B9
ADU75018.1	UPI00003C8ABA
ADU75019.1	UPI0000536695
ADU75020.1	UPI000038F7A3
ADU75021.1	UPI00003C8ABB
ADU75022.1	UPI000038F7A1
ADU75023.1	UPI000038F7A0
ADU75024.1	UPI000038F79F
ADU75025.1	UPI00017E6ED5
ADU75026.1	UPI00003C8ABD
ADU75027.1	UPI00003C8ABE
ADU75028.1	UPI00003C8ABF
ADU75029.1	UPI000038F799
ADU75030.1	UPI0001B1F086
ADU75031.1	UPI0000F218E3
ADU75032.1	UPI0001B1F085
ADU75033.1	UPI000038F794
ADU75034.1	UPI00017E6ED0
ADU75035.1	UPI0000531ECA
ADU75036.1	UPI00017E6ECF
ADU75037.1	UPI0001B1F084
ADU75038.1	UPI0001B1F083
ADU75039.1	UPI00003C8F7F
ADU75040.1	UPI0001F32A20
ADU75041.1	UPI00003C9102
ADU75042.1	UPI00003C9103
ADU75043.1	UPI00003C9104
ADU75044.1	UPI0001B1F082
ADU75045.1	UPI000038FAE7
ADU75046.1	UPI00017E27B0
ADU75047.1	UPI00003C8F88
ADU75048.1	UPI000038FAE8
ADU75049.1	UPI0001B1F081
ADU75050.1	UPI0001B1F060
ADU75051.1	UPI00017E27A9
ADU75052.1	UPI0001F32A21
ADU75053.1	UPI00017E25FB
ADU75054.1	UPI00003C8F84
ADU75055.1	UPI00017E25FA
ADU75056.1	UPI000038FAEB
ADU75057.1	UPI00003C8AC0
ADU75058.1	UPI000038FAEC
ADU75059.1	UPI000038FAED
ADU75060.1	UPI00003C8AC2
ADU75061.1	UPI000038FAEF
ADU75062.1	UPI000038FAF0
ADU75063.1	UPI000038FAF1
ADU75064.1	UPI0000126903
ADU75065.1	UPI00003C8AC3
ADU75066.1	UPI000012BD94
ADU75067.1	UPI000038F9E2
ADU75068.1	UPI00003C8AC5
ADU75069.1	UPI000038F9E4
ADU75070.1	UPI00003C8AC7
ADU75071.1	UPI0000534939
ADU75072.1	UPI0000535F9E
ADU75073.1	UPI00017E2472
ADU75074.1	UPI0000533AD3
ADU75075.1	UPI00017E2471
ADU75076.1	UPI000038F9EC
ADU75077.1	UPI00003C8AC8
ADU75078.1	UPI0001B1EF1B
ADU75079.1	UPI00003C8ACA
ADU75080.1	UPI00017E2470
ADU75081.1	UPI000038F9F2
ADU75082.1	UPI000038F9F3
ADU75083.1	UPI00003C8ACE
ADU75084.1	UPI000038F9F5
ADU75085.1	UPI00003C8AD0
ADU75086.1	UPI00017E22E0
ADU75087.1	UPI000038F9F8
ADU75088.1	UPI0001C14659
ADU75089.1	UPI0001B1EF1A
ADU75090.1	UPI000038F513
ADU75091.1	UPI000038F514
ADU75092.1	UPI0000537C66
ADU75093.1	UPI00003C8AD5
ADU75094.1	UPI000038F518
ADU75095.1	UPI000038F519
ADU75096.1	UPI000038F51A
ADU75097.1	UPI0000F2188B
ADU75098.1	UPI00003C8AD6
ADU75099.1	UPI00003C8AD7
ADU75100.1	UPI000038F51F
ADU75101.1	UPI0001B1EEF2
ADU75102.1	UPI000038F521
ADU75103.1	UPI000038F522
ADU75104.1	UPI00003C8AD8
ADU75105.1	UPI000038F524
ADU75106.1	UPI00017E2135
ADU75107.1	UPI000038F526
ADU75108.1	UPI0000532C4F
ADU75109.1	UPI0000533AD4
ADU75110.1	UPI000038F529
ADU75111.1	UPI00017E2134
ADU75112.1	UPI000038F52A
ADU75113.1	UPI000038F52B
ADU75114.1	UPI000038F52C
ADU75115.1	UPI0000534946
ADU75116.1	UPI0001B1EEF1
ADU75117.1	UPI000038F52F
ADU75118.1	UPI0001B1EEF0
ADU75119.1	UPI000038F531
ADU75120.1	UPI000038F532
ADU75121.1	UPI00003C8D30
ADU75122.1	UPI0000536230
ADU75123.1	UPI000038F535
ADU75124.1	UPI000038F536
ADU75125.1	UPI0000535336
ADU75126.1	UPI0001F32A76
ADU75127.1	UPI0001B1EEEE
ADU75128.1	UPI00003C8EC4
ADU75129.1	UPI000038F53A
ADU75130.1	UPI00017E1F85
ADU75131.1	UPI0000F21888
ADU75132.1	UPI00003C916D
ADU75133.1	UPI00003C8B31
ADU75134.1	UPI00003C8B32
ADU75135.1	UPI00003C8B33
ADU75136.1	UPI000038F53E
ADU75137.1	UPI00003C8B34
ADU75138.1	UPI00017E279C
ADU75139.1	UPI0001B1EE36
ADU75140.1	UPI000038F542
ADU75141.1	UPI00005362D9
ADU75142.1	UPI000038F544
ADU75143.1	UPI0000534C6E
ADU75144.1	UPI000038F546
ADU75145.1	UPI000038F547
ADU75146.1	UPI00017E25F4
ADU75147.1	UPI0001F328A3
ADU75148.1	UPI00017E25F3
ADU75149.1	UPI00003C8B38
ADU75150.1	UPI000038F54A
ADU75151.1	UPI00003C8B39
ADU75152.1	UPI00003C8B3A
ADU75153.1	UPI000038F54C
ADU75154.1	UPI000053783B
ADU75155.1	UPI00017E25F1
ADU75156.1	UPI000038F54F
ADU75157.1	UPI000053197F
ADU75158.1	UPI000038F551
ADU75159.1	UPI000038F552
ADU75160.1	UPI0001B1EE34
ADU75161.1	UPI0000533E05
ADU75162.1	UPI000038F555
ADU75163.1	UPI00017E246B
ADU75164.1	UPI00003C8B3E
ADU75165.1	UPI000038F557
ADU75166.1	UPI000038F558
ADU75167.1	UPI000038F559
ADU75168.1	UPI000038F55A
ADU75169.1	UPI000038F55B
ADU75170.1	UPI00003C8B40
ADU75171.1	UPI000038F55D
ADU75172.1	UPI000038F55E
ADU75173.1	UPI000038F55F
ADU75174.1	UPI0001F328D5
ADU75175.1	UPI00017E246A
ADU75176.1	UPI00003C8B43
ADU75177.1	UPI00003C8B44
ADU75178.1	UPI0000537F84
ADU75179.1	UPI000038F565
ADU75180.1	UPI00017E2468
ADU75181.1	UPI0001F328D6
ADU75182.1	UPI000038F568
ADU75183.1	UPI0001F328D7
ADU75184.1	UPI00003C8B46
ADU75185.1	UPI00003C8B47
ADU75186.1	UPI00005320D6
ADU75187.1	UPI00003C8B48
ADU75188.1	UPI000038F56E
ADU75189.1	UPI0001B1EDE3
ADU75190.1	UPI00017E22D9
ADU75191.1	UPI0000534562
ADU75192.1	UPI0001F328D8
ADU75193.1	UPI000038F573
ADU75194.1	UPI00005362DB
ADU75195.1	UPI000038F574
ADU75196.1	UPI000038F575
ADU75197.1	UPI0001B1ED3D
ADU75198.1	UPI00003C8B4C
ADU75199.1	UPI0001B1ED3C
ADU75200.1	UPI000038F579
ADU75201.1	UPI000038F57A
ADU75202.1	UPI000038F57C
ADU75203.1	UPI00003C8B4E
ADU75204.1	UPI0000537F8D
ADU75205.1	UPI000038FE53
ADU75206.1	UPI00003C8B50
ADU75207.1	UPI0000532F77
ADU75208.1	UPI00003C8B51
ADU75209.1	UPI000038FE4E
ADU75210.1	UPI00005362DC
ADU75211.1	UPI0001B1ED3A
ADU75212.1	UPI000038FBD4
ADU75213.1	UPI000038FBD3
ADU75214.1	UPI00017E212D
ADU75215.1	UPI000038FBD1
ADU75216.1	UPI0001B1F08B
ADU75217.1	UPI00003C8B55
ADU75218.1	UPI00003C8B56
ADU75219.1	UPI00003C8B57
ADU75220.1	UPI00017E2129
ADU75221.1	UPI000038F7F1
ADU75222.1	UPI000038F7F0
ADU75223.1	UPI000038F7EF
ADU75224.1	UPI0001B1ED1B
ADU75225.1	UPI00017E1F7E
ADU75226.1	UPI0001B1ED1A
ADU75227.1	UPI0001B1ED19
ADU75228.1	UPI0001B1ED18
ADU75229.1	UPI000038F7EA
ADU75230.1	UPI000038F7E9
ADU75231.1	UPI00000613C8
ADU75232.1	UPI0001B1ED17
ADU75233.1	UPI0001F32906
ADU75234.1	UPI0001B1EFB8
ADU75235.1	UPI0001F32907
ADU75236.1	UPI0001B1F035
ADU75237.1	UPI00003C8B62
ADU75238.1	UPI000038F7E5
ADU75239.1	UPI000038F7E4
ADU75240.1	UPI00003C8B63
ADU75241.1	UPI0001B1F034
ADU75242.1	UPI000038FC44
ADU75243.1	UPI0001B1F033
ADU75244.1	UPI0001B1F032
ADU75245.1	UPI000053282D
ADU75246.1	UPI0001B1F030
ADU75247.1	UPI0001F32931
ADU75248.1	UPI0001B1F02F
ADU75249.1	UPI0001B1F02E
ADU75250.1	UPI0001B1F02D
ADU75251.1	UPI00017E1C69
ADU75252.1	UPI0000534D5D
ADU75253.1	UPI000038F7E1
ADU75254.1	UPI000038F7E0
ADU75255.1	UPI000038F7DD
ADU75256.1	UPI000038F7DB
ADU75257.1	UPI000038F7DA
ADU75258.1	UPI0001F32932
ADU75259.1	UPI00003C8CB2
ADU75260.1	UPI000038F679
ADU75261.1	UPI00003C9059
ADU75262.1	UPI0001B1EDE0
ADU75263.1	UPI000038F676
ADU75264.1	UPI00017E66D5
ADU75265.1	UPI0001F32933
ADU75266.1	UPI0001B1EDDF
ADU75267.1	UPI00017E66D7
ADU75268.1	UPI0001B1EDDE
ADU75269.1	UPI0001B1EDDD
ADU75270.1	UPI00017E66DA
ADU75271.1	UPI00017E66DC
ADU75272.1	UPI000038F66D
ADU75273.1	UPI0000535384
ADU75274.1	UPI00017E6AF0
ADU75275.1	UPI0001B1EDDC
ADU75276.1	UPI00003C9089
ADU75277.1	UPI0001B1EDDB
ADU75278.1	UPI0000F21901
ADU75279.1	UPI0001B1EDAC
ADU75280.1	UPI000038F667
ADU75281.1	UPI0001F3293C
ADU75282.1	UPI0001B1EDAA
ADU75283.1	UPI00017E27A1
ADU75284.1	UPI00017E27A2
ADU75285.1	UPI00017E27A3
ADU75286.1	UPI0001B1EDA9
ADU75287.1	UPI0001F3293D
ADU75288.1	UPI000038F662
ADU75289.1	UPI000038F661
ADU75290.1	UPI0001B1EDA8
ADU75291.1	UPI0001B1EDA7
ADU75292.1	UPI0001B1EDA6
ADU75293.1	UPI0001B1EDA5
ADU75294.1	UPI00017E293D
ADU75295.1	UPI0000533739
ADU75296.1	UPI000038FE38
ADU75297.1	UPI0001B1EDA4
ADU75298.1	UPI0001B1EDA3
ADU75299.1	UPI0001F3293E
ADU75300.1	UPI0001B1EDA1
ADU75301.1	UPI0001B1EDA0
ADU75302.1	UPI0001B1ED9F
ADU75303.1	UPI0001B1ED9E
ADU75304.1	UPI0001B1ED9D
ADU75305.1	UPI0001B1ED9C
ADU75306.1	UPI0000F21909
ADU75307.1	UPI0000537613
ADU75308.1	UPI0001B1ED9B
ADU75309.1	UPI0001B1ED9A
ADU75310.1	UPI0001B1ED99
ADU75311.1	UPI0001B1ED98
ADU75312.1	UPI0001B1ED97
ADU75313.1	UPI000038F65B
ADU75314.1	UPI0001B1ED96
ADU75315.1	UPI0001B1ED95
ADU75316.1	UPI0001F3293F
ADU75317.1	UPI000038F659
ADU75318.1	UPI0001B1ED73
ADU75319.1	UPI0000537D74
ADU75320.1	UPI0001B1ED72
ADU75321.1	UPI000038F655
ADU75322.1	UPI0001B1ED71
ADU75323.1	UPI0001B1ED70
ADU75324.1	UPI0001F32948
ADU75325.1	UPI000038FD98
ADU75326.1	UPI000053598E
ADU75327.1	UPI000038FD96
ADU75328.1	UPI00003C8B93
ADU75329.1	UPI0001F32949
ADU75330.1	UPI00017E2C73
ADU75331.1	UPI0001B1F04D
ADU75332.1	UPI0001B1F04C
ADU75333.1	UPI00003C8B90
ADU75334.1	UPI0000F2191A
ADU75335.1	UPI0001F3294A
ADU75336.1	UPI000038FDBB
ADU75337.1	UPI0001B1F04B
ADU75338.1	UPI00005334E1
ADU75339.1	UPI000038FEB4
ADU75340.1	UPI000038FCCE
ADU75341.1	UPI000038FCCD
ADU75342.1	UPI000038FCCC
ADU75343.1	UPI000038FCCB
ADU75344.1	UPI00003C8B8A
ADU75345.1	UPI000038FCC8
ADU75346.1	UPI00017E2C77
ADU75347.1	UPI0000537DEF
ADU75348.1	UPI00003C8B88
ADU75349.1	UPI0001F3294B
ADU75350.1	UPI000038FCC4
ADU75351.1	UPI00003C8B85
ADU75352.1	UPI0000535210
ADU75353.1	UPI000038F892
ADU75354.1	UPI000038F893
ADU75355.1	UPI0000532658
ADU75356.1	UPI00017E2E05
ADU75357.1	UPI00003C8B83
ADU75358.1	UPI00003C8B82
ADU75359.1	UPI00003C8B81
ADU75360.1	UPI0001B1F049
ADU75361.1	UPI000038F89A
ADU75362.1	UPI0001B1F01C
ADU75363.1	UPI000053598D
ADU75364.1	UPI000038F89D
ADU75365.1	UPI00017E2E07
ADU75366.1	UPI0001B1F01B
ADU75367.1	UPI00003C8B7D
ADU75368.1	UPI00003C8B7C
ADU75369.1	UPI000038F8A2
ADU75370.1	UPI00003C8B7B
ADU75371.1	UPI000038F8A3
ADU75372.1	UPI0000534388
ADU75373.1	UPI000038F8A5
ADU75374.1	UPI000038F8A6
ADU75375.1	UPI000038F8A7
ADU75376.1	UPI000038F8A8
ADU75377.1	UPI000038F8A9
ADU75378.1	UPI0001B1F019
ADU75379.1	UPI00017E2FAC
ADU75380.1	UPI00003C8B79
ADU75381.1	UPI0001B1F018
ADU75382.1	UPI0001B1F017
ADU75383.1	UPI0001B1F014
ADU75384.1	UPI0001B1F013
ADU75385.1	UPI0001B1F012
ADU75386.1	UPI0001F32952
ADU75387.1	UPI0001B1EEB6
ADU75388.1	UPI0001B1EEB5
ADU75389.1	UPI0001B1EEB4
ADU75390.1	UPI0001B1EEB3
ADU75391.1	UPI0001B1EEB2
ADU75392.1	UPI0001B1EEB1
ADU75393.1	UPI0001B1EEB0
ADU75394.1	UPI0001F32955
ADU75395.1	UPI0001B1EEAF
ADU75396.1	UPI0001B1EEAE
ADU75397.1	UPI0001B1EE87
ADU75398.1	UPI0001B1EE86
ADU75399.1	UPI0001B1EE85
ADU75400.1	UPI0001B1EE84
ADU75401.1	UPI0001B1EE83
ADU75402.1	UPI0001F32956
ADU75403.1	UPI0001B1EE18
ADU75404.1	UPI0001B1EE17
ADU75405.1	UPI0001F32957
ADU75406.1	UPI0001B1EE16
ADU75407.1	UPI0001B1EE15
ADU75408.1	UPI0001B1EE14
ADU75409.1	UPI0001B1EE13
ADU75410.1	UPI0001B1EE12
ADU75411.1	UPI0001B1EE11
ADU75412.1	UPI0001B1EE10
ADU75413.1	UPI0001B1EE0F
ADU75414.1	UPI0001B1EE0E
ADU75415.1	UPI0001B1EE0D
ADU75416.1	UPI0001B1EE0C
ADU75417.1	UPI0001B1EE0B
ADU75418.1	UPI0001B1EE0A
ADU75419.1	UPI0001B1EE09
ADU75420.1	UPI0001B1EE08
ADU75421.1	UPI0001B1EE07
ADU75422.1	UPI0001B1EE06
ADU75423.1	UPI0001B1EE05
ADU75424.1	UPI00017E62A8
ADU75425.1	UPI0001B1EE04
ADU75426.1	UPI0001F32958
ADU75427.1	UPI0001B1EE03
ADU75428.1	UPI0001B1EE02
ADU75429.1	UPI0001B1EE01
ADU75430.1	UPI00017E62A1
ADU75431.1	UPI00017E62A0
ADU75432.1	UPI00017E629F
ADU75433.1	UPI00017E629E
ADU75434.1	UPI00017E629D
ADU75435.1	UPI00017E6298
ADU75436.1	UPI00017E6297
ADU75437.1	UPI00017E6296
ADU75438.1	UPI00017E6295
ADU75439.1	UPI00017E6294
ADU75440.1	UPI0001B1EDCA
ADU75441.1	UPI00003C9162
ADU75442.1	UPI0000F21952
ADU75443.1	UPI0000F21954
ADU75444.1	UPI00003C90A5
ADU75445.1	UPI00003C90A6
ADU75446.1	UPI00003C90A7
ADU75447.1	UPI0001B1EDC9
ADU75448.1	UPI00017E5277
ADU75449.1	UPI000038FDFA
ADU75450.1	UPI000038FDFB
ADU75451.1	UPI00003C90AA
ADU75452.1	UPI00005335A3
ADU75453.1	UPI0000F2195E
ADU75454.1	UPI0000F2195F
ADU75455.1	UPI00003C90EA
ADU75456.1	UPI000038F71A
ADU75457.1	UPI0000535A1A
ADU75458.1	UPI000038F71C
ADU75459.1	UPI0001B1EDC8
ADU75460.1	UPI00017E460C
ADU75461.1	UPI000038F71F
ADU75462.1	UPI000038F720
ADU75463.1	UPI00017E460B
ADU75464.1	UPI0001B1EDC7
ADU75465.1	UPI0000F21961
ADU75466.1	UPI0001B1EDC4
ADU75467.1	UPI0000F21969
ADU75468.1	UPI0001B1EDC3
ADU75469.1	UPI00003C8C5B
ADU75470.1	UPI00003C8C5C
ADU75471.1	UPI0000F2196B
ADU75472.1	UPI0001B1ED89
ADU75473.1	UPI0001B1ED88
ADU75474.1	UPI000038F723
ADU75475.1	UPI000038F724
ADU75476.1	UPI000038F725
ADU75477.1	UPI0000536428
ADU75478.1	UPI000038F727
ADU75479.1	UPI00003C8C61
ADU75480.1	UPI000038F72A
ADU75481.1	UPI00017E2E1C
ADU75482.1	UPI000038F72C
ADU75483.1	UPI000038F72D
ADU75484.1	UPI00003C8C63
ADU75485.1	UPI000038F72F
ADU75486.1	UPI0000534DF3
ADU75487.1	UPI000038F731
ADU75488.1	UPI000038F732
ADU75489.1	UPI000038F733
ADU75490.1	UPI00003C8C65
ADU75491.1	UPI00003C8C66
ADU75492.1	UPI0001B1ED87
ADU75493.1	UPI00017E2C89
ADU75494.1	UPI000038F736
ADU75495.1	UPI0000532254
ADU75496.1	UPI000038F739
ADU75497.1	UPI000038F73A
ADU75498.1	UPI000038F73B
ADU75499.1	UPI00005313AC
ADU75500.1	UPI000038F73D
ADU75501.1	UPI00017E2C84
ADU75502.1	UPI000038F740
ADU75503.1	UPI00005346FA
ADU75504.1	UPI00017E2C83
ADU75505.1	UPI00003C8C6D
ADU75506.1	UPI000038F744
ADU75507.1	UPI00003C8C6E
ADU75508.1	UPI0000534E00
ADU75509.1	UPI0001B1ED57
ADU75510.1	UPI000038F748
ADU75511.1	UPI0000534DFC
ADU75512.1	UPI0001B1ED56
ADU75513.1	UPI0001B1ED55
ADU75514.1	UPI0001F32992
ADU75515.1	UPI00003C8C73
ADU75516.1	UPI0001F32993
ADU75517.1	UPI00003C8CB2
ADU75518.1	UPI0001F32994
ADU75519.1	UPI0001B1EFB4
ADU75520.1	UPI0001B1EFB3
ADU75521.1	UPI0001F32995
ADU75522.1	UPI0001F32996
ADU75523.1	UPI0001F32997
ADU75524.1	UPI0001B1EFB0
ADU75525.1	UPI0001F32998
ADU75526.1	UPI0001F329C6
ADU75527.1	UPI00003C8D4A
ADU75528.1	UPI00003C8C73
ADU75529.1	UPI0001F329C7
ADU75530.1	UPI00003C8C76
ADU75531.1	UPI00003C8C77
ADU75532.1	UPI0001B1EFE2
ADU75533.1	UPI000038F74C
ADU75534.1	UPI00000BCF50
ADU75535.1	UPI000038F74E
ADU75536.1	UPI0001F329C8
ADU75537.1	UPI0000F2190A
ADU75538.1	UPI000053380E
ADU75539.1	UPI0001B1EFE1
ADU75540.1	UPI0000533F8C
ADU75541.1	UPI00003C90AE
ADU75542.1	UPI0001B1EFE0
ADU75543.1	UPI000038F6B9
ADU75544.1	UPI00003C90B0
ADU75545.1	UPI0001B1EFDF
ADU75546.1	UPI00003C90B2
ADU75547.1	UPI0000533F96
ADU75548.1	UPI00003C90B4
ADU75549.1	UPI00003C90B5
ADU75550.1	UPI00003C90B6
ADU75551.1	UPI0001F329C9
ADU75552.1	UPI0000F21910
ADU75553.1	UPI0000F21911
ADU75554.1	UPI0000F21912
ADU75555.1	UPI0000F21913
ADU75556.1	UPI0000F21914
ADU75557.1	UPI00003C8FDE
ADU75558.1	UPI00003C8FDF
ADU75559.1	UPI0001B1EFDE
ADU75560.1	UPI0000537247
ADU75561.1	UPI0000533F45
ADU75562.1	UPI00017E2E2C
ADU75563.1	UPI00017E2E2B
ADU75564.1	UPI0000532219
ADU75565.1	UPI000038FB9A
ADU75566.1	UPI000038FB99
ADU75567.1	UPI0001F329F1
ADU75568.1	UPI0001F329F2
ADU75569.1	UPI00017E2C9A
ADU75570.1	UPI00003C8D35
ADU75571.1	UPI0001F329F3
ADU75572.1	UPI000038FC1C
ADU75573.1	UPI00017E2C97
ADU75574.1	UPI0001B1EF6E
ADU75575.1	UPI00003C8CB2
ADU75576.1	UPI00017E2C96
ADU75577.1	UPI00003C8F72
ADU75578.1	UPI0001F329F4
ADU75579.1	UPI0001B1EDFC
ADU75580.1	UPI00003C8F70
ADU75581.1	UPI0001B1EDFB
ADU75582.1	UPI00017E2B02
ADU75583.1	UPI0001F329F5
ADU75584.1	UPI00017E2B00
ADU75585.1	UPI0001B1EDF9
ADU75586.1	UPI00017E3E22
ADU75587.1	UPI0000F2192A
ADU75588.1	UPI0000F2192B
ADU75589.1	UPI0000F2192C
ADU75590.1	UPI0001B1EE41
ADU75591.1	UPI000038FDC0
ADU75592.1	UPI0001B1EE00
ADU75593.1	UPI0001B1EDFF
ADU75594.1	UPI00003C8E94
ADU75595.1	UPI00017E35E5
ADU75596.1	UPI00003C8E95
ADU75597.1	UPI000038FE2C
ADU75598.1	UPI00003C8E96
ADU75599.1	UPI00017E35EA
ADU75600.1	UPI0001F32A22
ADU75601.1	UPI000038FCFC
ADU75602.1	UPI00003C8E9E
ADU75603.1	UPI0001B1ED7D
ADU75604.1	UPI0000532D6D
ADU75605.1	UPI000038FE0C
ADU75606.1	UPI00003C8EA1
ADU75607.1	UPI0000533496
ADU75608.1	UPI00003C8EA3
ADU75609.1	UPI0001B1ED7C
ADU75610.1	UPI0000537DAA
ADU75611.1	UPI0001B1ED7B
ADU75612.1	UPI000038FDAD
ADU75613.1	UPI000038FDAE
ADU75614.1	UPI0001B1ED7A
ADU75615.1	UPI0000532D96
ADU75616.1	UPI00003C8EA7
ADU75617.1	UPI0001B1ED79
ADU75618.1	UPI00003C8ED6
ADU75619.1	UPI00005369A0
ADU75620.1	UPI00005353C5
ADU75621.1	UPI000038FD15
ADU75622.1	UPI000038FD16
ADU75623.1	UPI00017E2492
ADU75624.1	UPI0001B1ED78
ADU75625.1	UPI00017E2493
ADU75626.1	UPI0001B1ED75
ADU75627.1	UPI00003C8ED8
ADU75628.1	UPI00017E2494
ADU75629.1	UPI00017E2495
ADU75630.1	UPI000038FE57
ADU75631.1	UPI0000532090
ADU75632.1	UPI000038FB0E
ADU75633.1	UPI00017E2496
ADU75634.1	UPI000038FB0C
ADU75635.1	UPI0001B1ED40
ADU75636.1	UPI00017E260F
ADU75637.1	UPI000038FB0A
ADU75638.1	UPI00017E22F5
ADU75639.1	UPI0001B1ED3F
ADU75640.1	UPI000053194A
ADU75641.1	UPI00017E22F7
ADU75642.1	UPI000038FB06
ADU75643.1	UPI000038FB05
ADU75644.1	UPI000038FB04
ADU75645.1	UPI00003C8EDB
ADU75646.1	UPI000038FB02
ADU75647.1	UPI000038FB01
ADU75648.1	UPI00017E22F8
ADU75649.1	UPI00003C9049
ADU75650.1	UPI0001F32A4C
ADU75651.1	UPI0001C14638
ADU75652.1	UPI0001F32A4D
ADU75653.1	UPI00017E5A9F
ADU75654.1	UPI00017E5A9E
ADU75655.1	UPI0001B1EF7A
ADU75656.1	UPI0001B1EF79
ADU75657.1	UPI00017E4E4B
ADU75658.1	UPI00017E4E4A
ADU75659.1	UPI0001F32952
ADU75660.1	UPI00003C8ABF
ADU75661.1	UPI00017E4A2A
ADU75662.1	UPI0001F32A77
ADU75663.1	UPI00017E421E
ADU75664.1	UPI00017E35D8
ADU75665.1	UPI0000536586
ADU75666.1	UPI0001F32A78
ADU75667.1	UPI0001F32A79
ADU75668.1	UPI00003C8DA5
ADU75669.1	UPI00017E6EE4
ADU75670.1	UPI0001F32A7A
ADU75671.1	UPI0001C14638
ADU75672.1	UPI00017E2FB8
ADU75673.1	UPI0001B1EF7C
ADU75674.1	UPI0001B1EF7D
ADU75675.1	UPI00003C90A2
ADU75676.1	UPI0001F32A7B
ADU75677.1	UPI00003C8C7E
ADU75678.1	UPI0001B1EDB9
ADU75679.1	UPI00017E17C5
ADU75680.1	UPI00017E17C9
ADU75681.1	UPI0001B1EDB6
ADU75682.1	UPI0001B1EDB5
ADU75683.1	UPI00017E1968
ADU75684.1	UPI00017E196A
ADU75685.1	UPI0001F32952
ADU75686.1	UPI0001B1EFAB
ADU75687.1	UPI0001B1EFAC
ADU75688.1	UPI0001F328A4
ADU75689.1	UPI00003C8C8A
ADU75690.1	UPI0001F328A5
ADU75691.1	UPI000038F823
ADU75692.1	UPI00003C8C8C
ADU75693.1	UPI00003C8C8D
ADU75694.1	UPI000038F826
ADU75695.1	UPI0000534467
ADU75696.1	UPI000038F828
ADU75697.1	UPI0000F21962
ADU75698.1	UPI00003C8C8F
ADU75699.1	UPI000038F82B
ADU75700.1	UPI0000537743
ADU75701.1	UPI00017E1AFE
ADU75702.1	UPI000038F82D
ADU75703.1	UPI000038F82E
ADU75704.1	UPI000038F82F
ADU75705.1	UPI00017E1AFF
ADU75706.1	UPI0001F328A6
ADU75707.1	UPI00003C8C91
ADU75708.1	UPI00003C8C92
ADU75709.1	UPI00003C8C93
ADU75710.1	UPI0001B1ED93
ADU75711.1	UPI000038F835
ADU75712.1	UPI00003C8C94
ADU75713.1	UPI00003C8C95
ADU75714.1	UPI00017E1B02
ADU75715.1	UPI000038F839
ADU75716.1	UPI000038F83A
ADU75717.1	UPI00017E1B03
ADU75718.1	UPI000038F83C
ADU75719.1	UPI0001F328A7
ADU75720.1	UPI00017E1B05
ADU75721.1	UPI0001F328A8
ADU75722.1	UPI000038F840
ADU75723.1	UPI0000533D0D
ADU75724.1	UPI0001F328A9
ADU75725.1	UPI00017E1C76
ADU75726.1	UPI000038F844
ADU75727.1	UPI000038F845
ADU75728.1	UPI0001B1ED8F
ADU75729.1	UPI0000532709
ADU75730.1	UPI000053358D
ADU75731.1	UPI0001F328D9
ADU75732.1	UPI00003C8C9A
ADU75733.1	UPI00003C8C9B
ADU75734.1	UPI00003C8C9C
ADU75735.1	UPI00003C8C9D
ADU75736.1	UPI00003C8C9E
ADU75737.1	UPI0001B1ED8B
ADU75738.1	UPI000038FD27
ADU75739.1	UPI000038FD28
ADU75740.1	UPI000038FD29
ADU75741.1	UPI0000537736
ADU75742.1	UPI0000F21903
ADU75743.1	UPI0000F21904
ADU75744.1	UPI0001B1ED8A
ADU75745.1	UPI00003C9092
ADU75746.1	UPI00003C9093
ADU75747.1	UPI00003C9094
ADU75748.1	UPI000038F9C7
ADU75749.1	UPI000038F9C8
ADU75750.1	UPI00017E260D
ADU75751.1	UPI00003C9096
ADU75752.1	UPI0001B1ED62
ADU75753.1	UPI00005365EF
ADU75754.1	UPI00003C9097
ADU75755.1	UPI000038F9CD
ADU75756.1	UPI000038F9CE
ADU75757.1	UPI000038F9CF
ADU75758.1	UPI0001B1ED61
ADU75759.1	UPI000053211F
ADU75760.1	UPI000038F9D2
ADU75761.1	UPI000038F9D3
ADU75762.1	UPI000038F9D4
ADU75763.1	UPI0001F32908
ADU75764.1	UPI0001F32909
ADU75765.1	UPI00003C8FCD
ADU75766.1	UPI00017E27BF
ADU75767.1	UPI0001F3290A
ADU75768.1	UPI0001B1ED5D
ADU75769.1	UPI0000533E47
ADU75770.1	UPI000038F9DC
ADU75771.1	UPI00017E27C2
ADU75772.1	UPI000038F9DF
ADU75773.1	UPI0001B1ED5C
ADU75774.1	UPI000038F9E1
ADU75775.1	UPI0001B1ED5A
ADU75776.1	UPI00003C90D8
ADU75777.1	UPI0001B1ED58
ADU75778.1	UPI000038FACF
ADU75779.1	UPI00003C90D5
ADU75780.1	UPI000038FAD0
ADU75781.1	UPI0000F21915
ADU75782.1	UPI00003C90CB
ADU75783.1	UPI0001B1EE69
ADU75784.1	UPI0000F21916
ADU75785.1	UPI0001B1EE67
ADU75786.1	UPI000038FAD6
ADU75787.1	UPI00003C90C8
ADU75788.1	UPI0000535148
ADU75789.1	UPI0001B1EE66
ADU75790.1	UPI00003C8E90
ADU75791.1	UPI0001F3290B
ADU75792.1	UPI000038FCE5
ADU75793.1	UPI000038FCE6
ADU75794.1	UPI0001B1EE64
ADU75795.1	UPI0001B1EE63
ADU75796.1	UPI0001B1EE62
ADU75797.1	UPI00003C8AA3
ADU75798.1	UPI0001B1EE61
ADU75799.1	UPI0001B1EE60
ADU75800.1	UPI0001B1EE5F
ADU75801.1	UPI000038FAAB
ADU75802.1	UPI0001B1EE5E
ADU75803.1	UPI000038FAAC
ADU75804.1	UPI000038FAAD
ADU75805.1	UPI000053336F
ADU75806.1	UPI000038FAAF
ADU75807.1	UPI000038FAB0
ADU75808.1	UPI000053580C
ADU75809.1	UPI000038FAB3
ADU75810.1	UPI0001B1EE33
ADU75811.1	UPI0001B1EE32
ADU75812.1	UPI0001B1EE31
ADU75813.1	UPI0001B1EE30
ADU75814.1	UPI00003C8C07
ADU75815.1	UPI0001B1EE2F
ADU75816.1	UPI000038FAB7
ADU75817.1	UPI00003C8C05
ADU75818.1	UPI0001B1EE2E
ADU75819.1	UPI0001B1EE2D
ADU75820.1	UPI0001B1EE2C
ADU75821.1	UPI0001B1EE2B
ADU75822.1	UPI0001B1EE2A
ADU75823.1	UPI0001B1EE29
ADU75824.1	UPI0001B1EE28
ADU75825.1	UPI0000534593
ADU75826.1	UPI000038FA3E
ADU75827.1	UPI0001C146B5
ADU75828.1	UPI0000532111
ADU75829.1	UPI000038FA40
ADU75830.1	UPI000038FA41
ADU75831.1	UPI00003C8C00
ADU75832.1	UPI000038FA42
ADU75833.1	UPI0000532927
ADU75834.1	UPI0000535506
ADU75835.1	UPI000038FA45
ADU75836.1	UPI0001B1EE25
ADU75837.1	UPI00017E17CB
ADU75838.1	UPI0001B1EE24
ADU75839.1	UPI0001B1EE23
ADU75840.1	UPI000038FA4A
ADU75841.1	UPI00017E17CE
ADU75842.1	UPI0001B1EDDA
ADU75843.1	UPI0001F32940
ADU75844.1	UPI0001B1EDD7
ADU75845.1	UPI0001B1EDD6
ADU75846.1	UPI0001B1EDD5
ADU75847.1	UPI0001B1EDD4
ADU75848.1	UPI0001F32941
ADU75849.1	UPI0001B1EDD2
ADU75850.1	UPI0001B1EDD1
ADU75851.1	UPI0001B1EDD0
ADU75852.1	UPI0001B1EDCF
ADU75853.1	UPI0001F32942
ADU75854.1	UPI0001F32943
ADU75855.1	UPI00017E17D0
ADU75856.1	UPI00003C8CCD
ADU75857.1	UPI0001F32944
ADU75858.1	UPI00017E17D2
ADU75859.1	UPI00003C8CD0
ADU75860.1	UPI0000537D29
ADU75861.1	UPI0000531E4C
ADU75862.1	UPI00003C8CD2
ADU75863.1	UPI0001F3294C
ADU75864.1	UPI000038F988
ADU75865.1	UPI000053674D
ADU75866.1	UPI000038F986
ADU75867.1	UPI000038F985
ADU75868.1	UPI000038F984
ADU75869.1	UPI000038F983
ADU75870.1	UPI000038F982
ADU75871.1	UPI000038F981
ADU75872.1	UPI0001B1F05B
ADU75873.1	UPI00005375C0
ADU75874.1	UPI000038F97E
ADU75875.1	UPI00017E1974
ADU75876.1	UPI00017E1975
ADU75877.1	UPI000038F97B
ADU75878.1	UPI00003C8CD9
ADU75879.1	UPI000053173B
ADU75880.1	UPI000038F978
ADU75881.1	UPI000038F977
ADU75882.1	UPI0001B1F05A
ADU75883.1	UPI000038F975
ADU75884.1	UPI000038F974
ADU75885.1	UPI000038F973
ADU75886.1	UPI000038F972
ADU75887.1	UPI000038F971
ADU75888.1	UPI00017E1B08
ADU75889.1	UPI00017E1B09
ADU75890.1	UPI000038F96E
ADU75891.1	UPI000038F96D
ADU75892.1	UPI00017E1B0B
ADU75893.1	UPI000038F96B
ADU75894.1	UPI00003C8CDB
ADU75895.1	UPI000038F969
ADU75896.1	UPI000038F968
ADU75897.1	UPI0001B1EDE8
ADU75898.1	UPI00003C8CDD
ADU75899.1	UPI00003C8CDE
ADU75900.1	UPI0000533B97
ADU75901.1	UPI0001B1EDE7
ADU75902.1	UPI0001B1EDE6
ADU75903.1	UPI0000F21934
ADU75904.1	UPI0000F21935
ADU75905.1	UPI00005381D3
ADU75906.1	UPI0000F21936
ADU75907.1	UPI0000F21937
ADU75908.1	UPI0000F21938
ADU75909.1	UPI0000537229
ADU75910.1	UPI00003C8E3D
ADU75911.1	UPI0001B1EDB4
ADU75912.1	UPI00003C8E3F
ADU75913.1	UPI00003C8E40
ADU75914.1	UPI0001B1EDB3
ADU75915.1	UPI000038F909
ADU75916.1	UPI000038F90A
ADU75917.1	UPI000038F90B
ADU75918.1	UPI0001B1EDB2
ADU75919.1	UPI0001B1EDB1
ADU75920.1	UPI00017E2965
ADU75921.1	UPI000038F90F
ADU75922.1	UPI0001B1EDB0
ADU75923.1	UPI00017E2966
ADU75924.1	UPI00003C8E43
ADU75925.1	UPI0000536AD8
ADU75926.1	UPI000038F914
ADU75927.1	UPI0001B1EDAF
ADU75928.1	UPI00003C8E47
ADU75929.1	UPI00003C8E48
ADU75930.1	UPI00003C8E49
ADU75931.1	UPI00005379B2
ADU75932.1	UPI000038FD0A
ADU75933.1	UPI00017E2969
ADU75934.1	UPI000038FD0D
ADU75935.1	UPI0001B1EDAD
ADU75936.1	UPI00003C8E4C
ADU75937.1	UPI00003C8E4D
ADU75938.1	UPI0001F32959
ADU75939.1	UPI00003C8E4F
ADU75940.1	UPI00003C8E50
ADU75941.1	UPI000038F918
ADU75942.1	UPI000038F919
ADU75943.1	UPI00003C8E51
ADU75944.1	UPI0001B1EFA4
ADU75945.1	UPI0001F3295A
ADU75946.1	UPI00003C8BA3
ADU75947.1	UPI000038F9AB
ADU75948.1	UPI00003C8BA2
ADU75949.1	UPI00003C8BA1
ADU75950.1	UPI0000533C43
ADU75951.1	UPI0001B1EFA1
ADU75952.1	UPI000038F9B0
ADU75953.1	UPI000038F9B1
ADU75954.1	UPI000038F9B2
ADU75955.1	UPI00003C8BA0
ADU75956.1	UPI00017E27C5
ADU75957.1	UPI00005334E2
ADU75958.1	UPI00003C8B9F
ADU75959.1	UPI000038F9B8
ADU75960.1	UPI000038F9B9
ADU75961.1	UPI000038F9BA
ADU75962.1	UPI00005317C1
ADU75963.1	UPI000038F9BD
ADU75964.1	UPI00005317BF
ADU75965.1	UPI0001B1EFA0
ADU75966.1	UPI000038F9C6
ADU75967.1	UPI0001B1EF9F
ADU75968.1	UPI0000537ADB
ADU75969.1	UPI000038FD81
ADU75970.1	UPI00005340B2
ADU75971.1	UPI000053237B
ADU75972.1	UPI00003C8E07
ADU75973.1	UPI0001B1EF5B
ADU75974.1	UPI00003C8E08
ADU75975.1	UPI0001B1EF5A
ADU75976.1	UPI0000F21957
ADU75977.1	UPI0001B1EF59
ADU75978.1	UPI00017E62AC
ADU75979.1	UPI00003C9053
ADU75980.1	UPI000038FC94
ADU75981.1	UPI000038FC93
ADU75982.1	UPI00017E62AD
ADU75983.1	UPI0001F32968
ADU75984.1	UPI000038FC90
ADU75985.1	UPI000038FC8F
ADU75986.1	UPI00017E66DD
ADU75987.1	UPI0000535157
ADU75988.1	UPI0000F21963
ADU75989.1	UPI0001B1EF55
ADU75990.1	UPI00003C90E3
ADU75991.1	UPI0000537F95
ADU75992.1	UPI00005386AF
ADU75993.1	UPI0000535B99
ADU75994.1	UPI0001B1EF54
ADU75995.1	UPI000038FE06
ADU75996.1	UPI00003C90E8
ADU75997.1	UPI000038FE08
ADU75998.1	UPI0001B1EF53
ADU75999.1	UPI0000F2196E
ADU76000.1	UPI000038F7F4
ADU76001.1	UPI00017E1F83
ADU76002.1	UPI00003C8C58
ADU76003.1	UPI00003C8C57
ADU76004.1	UPI000038F801
ADU76005.1	UPI000038F802
ADU76006.1	UPI000038F803
ADU76007.1	UPI0001B1F047
ADU76008.1	UPI000038F805
ADU76009.1	UPI0000535B71
ADU76010.1	UPI00003C8C55
ADU76011.1	UPI0000F2196F