,imodulon,annotation,pvalue,qvalue,precision,recall,f1score,TP,target_set_size,imodulon_size,source,pathway_name,module_name
0,2,L-tryptophan biosynthesis,2.510499202028337e-11,4.744843491833557e-09,0.8,0.6666666666666666,0.7272727272727272,4.0,6.0,5.0,biocyc,,
1,7,"(1,4)-&beta;-D-xylan degradation",0.0009408885395623406,0.0889139669886412,0.06896551724137931,0.4,0.1176470588235294,2.0,5.0,29.0,biocyc,,
2,7,cellulose and hemicellulose degradation (cellulolosome),0.0009408885395623406,0.0889139669886412,0.06896551724137931,0.4,0.1176470588235294,2.0,5.0,29.0,biocyc,,
3,10,fatty acid biosynthesis initiation (type II),6.927797550176151e-07,0.00013093537369832927,0.23076923076923078,0.6,0.33333333333333337,3.0,5.0,13.0,biocyc,,
4,10,even <i>iso</i>-branched-chain fatty acid biosynthesis,3.849617527479226e-06,0.00036378885634678686,0.23076923076923078,0.375,0.2857142857142857,3.0,8.0,13.0,biocyc,,
5,10,fatty acid elongation -- saturated,0.00010993812285486215,0.00415566104391379,0.15384615384615385,0.5,0.23529411764705882,2.0,4.0,13.0,biocyc,,
6,10,gondoate biosynthesis (anaerobic),0.00010993812285486215,0.00415566104391379,0.15384615384615385,0.5,0.23529411764705882,2.0,4.0,13.0,biocyc,,
7,10,"octanoyl-[acyl-carrier protein] biosynthesis (mitochondria, yeast)",0.00010993812285486215,0.00415566104391379,0.15384615384615385,0.5,0.23529411764705882,2.0,4.0,13.0,biocyc,,
8,10,<i>cis</i>-vaccenate biosynthesis,0.00018276835158809182,0.005742692229460001,0.15384615384615385,0.4,0.2222222222222222,2.0,5.0,13.0,biocyc,,
9,10,L-leucine biosynthesis,0.0002734615347361905,0.005742692229460001,0.15384615384615385,0.3333333333333333,0.21052631578947367,2.0,6.0,13.0,biocyc,,
10,10,palmitate biosynthesis (type II fatty acid synthase),0.0002734615347361905,0.005742692229460001,0.15384615384615385,0.3333333333333333,0.21052631578947367,2.0,6.0,13.0,biocyc,,
11,10,stearate biosynthesis II (bacteria and plants),0.0002734615347361905,0.005742692229460001,0.15384615384615385,0.3333333333333333,0.21052631578947367,2.0,6.0,13.0,biocyc,,
12,13,pyruvate fermentation to acetate IV,6.963672976065639e-08,1.3161341924764059e-05,0.23076923076923078,1.0,0.375,3.0,3.0,13.0,biocyc,,
13,13,mixed acid fermentation,5.75952590211583e-06,0.000544275197749946,0.23076923076923078,0.3333333333333333,0.27272727272727276,3.0,9.0,13.0,biocyc,,
14,13,acetate and ATP formation from acetyl-CoA I,1.8415749715795402e-05,0.0011601922320951105,0.15384615384615385,1.0,0.2666666666666667,2.0,2.0,13.0,biocyc,,
15,21,flavin biosynthesis I (bacteria and plants),0.0003177956686086577,0.06006338136703631,0.11764705882352941,0.4,0.1818181818181818,2.0,5.0,17.0,biocyc,,
16,23,L-arginine biosynthesis I (via L-ornithine),4.595319679224932e-14,4.342577096867561e-12,0.6666666666666666,0.5454545454545454,0.6,6.0,11.0,9.0,biocyc,,
17,23,L-arginine biosynthesis II (acetyl cycle),4.595319679224932e-14,4.342577096867561e-12,0.6666666666666666,0.5454545454545454,0.6,6.0,11.0,9.0,biocyc,,
18,23,L-ornithine biosynthesis I,8.168438437609072e-08,5.1461162156937155e-06,0.3333333333333333,0.75,0.46153846153846156,3.0,4.0,9.0,biocyc,,
19,23,L-citrulline degradation,2.038948993386849e-07,9.634033993752862e-06,0.3333333333333333,0.6,0.42857142857142855,3.0,5.0,9.0,biocyc,,
20,23,urea cycle,7.114242821961227e-07,2.689183786701344e-05,0.3333333333333333,0.42857142857142855,0.375,3.0,7.0,9.0,biocyc,,
21,23,UMP biosynthesis III,0.00030256461812753056,0.009530785471017213,0.2222222222222222,0.2222222222222222,0.2222222222222222,2.0,9.0,9.0,biocyc,,
22,23,L-glutamine degradation I,0.0009972712854431148,0.023560534118593587,0.2222222222222222,0.125,0.16,2.0,16.0,9.0,biocyc,,
23,23,glutaminyl-tRNA<sup>gln</sup> biosynthesis via transamidation,0.0009972712854431148,0.023560534118593587,0.2222222222222222,0.125,0.16,2.0,16.0,9.0,biocyc,,
24,23,L-glutamate biosynthesis I,0.00112842622424523,0.023696950709149834,0.2222222222222222,0.11764705882352941,0.15384615384615383,2.0,17.0,9.0,biocyc,,
25,23,ammonia assimilation cycle III,0.0017312586356039252,0.03272078821291419,0.2222222222222222,0.09523809523809523,0.13333333333333333,2.0,21.0,9.0,biocyc,,
26,25,assimilatory sulfate reduction IV,1.5936097772150213e-06,0.00030119224789363903,0.08571428571428572,1.0,0.15789473684210528,3.0,3.0,35.0,biocyc,,
27,25,assimilatory sulfate reduction III,0.0001404791164217726,0.0066376382509287565,0.05714285714285714,1.0,0.1081081081081081,2.0,2.0,35.0,biocyc,,
28,25,siroheme biosynthesis,0.0001404791164217726,0.0066376382509287565,0.05714285714285714,1.0,0.1081081081081081,2.0,2.0,35.0,biocyc,,
29,25,sulfate activation for sulfonation,0.0001404791164217726,0.0066376382509287565,0.05714285714285714,1.0,0.1081081081081081,2.0,2.0,35.0,biocyc,,
30,26,ammonia assimilation cycle III,2.2159223051444366e-07,4.1880931567229856e-05,0.23809523809523808,0.23809523809523808,0.23809523809523808,5.0,21.0,21.0,biocyc,,
31,26,L-glutamate biosynthesis I,0.0002063232252953814,0.009748772395206771,0.14285714285714285,0.17647058823529413,0.15789473684210528,3.0,17.0,21.0,biocyc,,
32,26,L-glutamine degradation I,0.00017070531136758623,0.009748772395206771,0.14285714285714285,0.1875,0.16216216216216214,3.0,16.0,21.0,biocyc,,
33,26,glutaminyl-tRNA<sup>gln</sup> biosynthesis via transamidation,0.00017070531136758623,0.009748772395206771,0.14285714285714285,0.1875,0.16216216216216214,3.0,16.0,21.0,biocyc,,
34,26,L-glutamine biosynthesis I,0.0002949005200264064,0.011147239656998162,0.09523809523809523,0.5,0.16,2.0,4.0,21.0,biocyc,,
35,33,L-glutamine biosynthesis I,7.759171853631984e-05,0.01466483480336445,0.18181818181818182,0.5,0.26666666666666666,2.0,4.0,11.0,biocyc,,
36,40,L-histidine biosynthesis,2.4494676703395684e-09,4.6294938969417845e-07,0.5714285714285714,0.4,0.47058823529411764,4.0,10.0,7.0,biocyc,,
37,41,L-lysine biosynthesis VI,1.091272789002371e-05,0.002062505571214481,0.16666666666666666,0.375,0.23076923076923078,3.0,8.0,18.0,biocyc,,
38,43,UMP biosynthesis III,3.7098109577582975e-18,7.011542710163183e-16,0.7777777777777778,0.7777777777777778,0.7777777777777778,7.0,9.0,9.0,biocyc,,
39,43,L-citrulline degradation,8.458734570684424e-05,0.00799350416929678,0.2222222222222222,0.4,0.2857142857142857,2.0,5.0,9.0,biocyc,,
40,43,urea cycle,0.0001770638452896666,0.011155022253248997,0.2222222222222222,0.2857142857142857,0.25,2.0,7.0,9.0,biocyc,,
41,43,L-arginine biosynthesis I (via L-ornithine),0.0004607689611541402,0.0174170667316265,0.2222222222222222,0.18181818181818182,0.19999999999999998,2.0,11.0,9.0,biocyc,,
42,43,L-arginine biosynthesis II (acetyl cycle),0.0004607689611541402,0.0174170667316265,0.2222222222222222,0.18181818181818182,0.19999999999999998,2.0,11.0,9.0,biocyc,,
43,43,L-glutamate biosynthesis I,0.00112842622424523,0.02665906954779356,0.2222222222222222,0.11764705882352941,0.15384615384615383,2.0,17.0,9.0,biocyc,,
44,43,L-glutamine degradation I,0.0009972712854431148,0.02665906954779356,0.2222222222222222,0.125,0.16,2.0,16.0,9.0,biocyc,,
45,43,glutaminyl-tRNA<sup>gln</sup> biosynthesis via transamidation,0.0009972712854431148,0.02665906954779356,0.2222222222222222,0.125,0.16,2.0,16.0,9.0,biocyc,,
46,43,ammonia assimilation cycle III,0.0017312586356039252,0.03635643134768243,0.2222222222222222,0.09523809523809523,0.13333333333333333,2.0,21.0,9.0,biocyc,,
47,46,biotin biosynthesis from 8-amino-7-oxononanoate I,0.00011375135457896312,0.02149900601542403,0.02112676056338028,1.0,0.041379310344827586,3.0,3.0,142.0,biocyc,,
48,49,ammonia assimilation cycle III,3.444354434485705e-08,6.509829881177983e-06,0.2,0.2857142857142857,0.23529411764705882,6.0,21.0,30.0,biocyc,,
49,49,L-glutamine biosynthesis I,3.926662274542001e-06,0.00037106958494421917,0.1,0.75,0.17647058823529416,3.0,4.0,30.0,biocyc,,
50,49,L-glutamate biosynthesis I,0.0006096418446061917,0.023044461726114046,0.1,0.17647058823529413,0.12765957446808512,3.0,17.0,30.0,biocyc,,
51,49,L-glutamine degradation I,0.0005055693806623621,0.023044461726114046,0.1,0.1875,0.13043478260869568,3.0,16.0,30.0,biocyc,,
52,49,glutaminyl-tRNA<sup>gln</sup> biosynthesis via transamidation,0.0005055693806623621,0.023044461726114046,0.1,0.1875,0.13043478260869568,3.0,16.0,30.0,biocyc,,
53,51,5-aminoimidazole ribonucleotide biosynthesis I,5.856218521314397e-11,1.1068253005284212e-08,0.5714285714285714,0.8,0.6666666666666666,4.0,5.0,7.0,biocyc,,
54,51,inosine-5'-phosphate biosynthesis II,2.968037811866763e-05,0.002804795732214091,0.2857142857142857,0.5,0.36363636363636365,2.0,4.0,7.0,biocyc,,
55,52,ATP biosynthesis,3.312774913086126e-07,6.261144585732778e-05,0.16666666666666666,0.3125,0.21739130434782608,5.0,16.0,30.0,biocyc,,
56,55,peptidoglycan biosynthesis I (<I>meso</I>-diaminopimelate containing),1.1654657531857834e-06,0.00022027302735211308,0.18181818181818182,0.3333333333333333,0.23529411764705885,4.0,12.0,22.0,biocyc,,
57,60,ATP biosynthesis,7.929960467602671e-13,1.4987625283769047e-10,0.6666666666666666,0.375,0.4800000000000001,6.0,16.0,9.0,biocyc,,
0,2,map00400,4.650480727375408e-11,8.928922996560785e-09,1.0,0.18518518518518517,0.3125,5.0,27.0,5.0,kegg_pathway,"Phenylalanine, tyrosine and tryptophan biosynthesis",
1,2,map01230,7.382974109169033e-08,7.087655144802272e-06,1.0,0.04504504504504504,0.08620689655172413,5.0,111.0,5.0,kegg_pathway,Biosynthesis of amino acids,
2,2,map01130,4.157130772506859e-07,2.66056369440439e-05,1.0,0.03205128205128205,0.062111801242236024,5.0,156.0,5.0,kegg_pathway,,
3,2,map01110,1.1884734951434535e-06,5.704672776688577e-05,1.0,0.026041666666666668,0.050761421319796954,5.0,192.0,5.0,kegg_pathway,Biosynthesis of secondary metabolites,
4,2,map00405,2.3609935533071025e-06,9.066215244699274e-05,0.4,1.0,0.5714285714285715,2.0,2.0,5.0,kegg_pathway,Phenazine biosynthesis,
5,2,map02025,2.3561263635765484e-05,0.0007539604363444955,0.4,0.4,0.4000000000000001,2.0,5.0,5.0,kegg_pathway,Biofilm formation - Pseudomonas aeruginosa,
6,2,map01100,0.0001021354427276703,0.002801429286244671,1.0,0.010752688172043012,0.021276595744680854,5.0,465.0,5.0,kegg_pathway,Metabolic pathways,
7,2,map02024,0.0023705229050254794,0.05689254972061151,0.4,0.043478260869565216,0.0784313725490196,2.0,46.0,5.0,kegg_pathway,Quorum sensing,
8,5,map00970,4.197658337796938e-05,0.00805950400857012,0.125,0.16666666666666666,0.14285714285714288,5.0,30.0,40.0,kegg_pathway,Aminoacyl-tRNA biosynthesis,
9,7,map00600,9.585633826426837e-05,0.01840441694673953,0.06896551724137931,1.0,0.12903225806451613,2.0,2.0,29.0,kegg_pathway,Sphingolipid metabolism,
10,7,map00500,0.000684945162803477,0.0657547356291338,0.13793103448275862,0.09523809523809523,0.11267605633802817,4.0,42.0,29.0,kegg_pathway,Starch and sucrose metabolism,
11,8,map02040,8.380822513092894e-14,1.609117922513836e-11,0.18309859154929578,0.40625,0.2524271844660194,13.0,32.0,71.0,kegg_pathway,Flagellar assembly,
12,8,map02020,1.2529338666308767e-10,8.01877674643761e-09,0.2112676056338028,0.19736842105263158,0.20408163265306123,15.0,76.0,71.0,kegg_pathway,Two-component system,
13,8,map02030,1.050252387139077e-10,8.01877674643761e-09,0.18309859154929578,0.25,0.21138211382113822,13.0,52.0,71.0,kegg_pathway,Bacterial chemotaxis,
14,8,map05132,0.000586706897996815,0.028161931103847123,0.028169014084507043,1.0,0.05479452054794521,2.0,2.0,71.0,kegg_pathway,Salmonella infection,
15,10,map00061,1.674364570404591e-07,1.6073899875884075e-05,0.3076923076923077,0.3076923076923077,0.3076923076923077,4.0,13.0,13.0,kegg_pathway,Fatty acid biosynthesis,
16,10,map01212,1.1620578471118252e-07,1.6073899875884075e-05,0.3076923076923077,0.3333333333333333,0.32,4.0,12.0,13.0,kegg_pathway,Fatty acid metabolism,
17,10,map00333,0.00010993812285486215,0.007036039862711178,0.15384615384615385,0.5,0.23529411764705882,2.0,4.0,13.0,kegg_pathway,Prodigiosin biosynthesis,
18,10,map00780,0.0013971061239356846,0.06706109394891287,0.15384615384615385,0.15384615384615385,0.15384615384615385,2.0,13.0,13.0,kegg_pathway,Biotin metabolism,
19,10,map01100,0.0018084519049840731,0.06944455315138841,0.5384615384615384,0.015053763440860216,0.0292887029288703,7.0,465.0,13.0,kegg_pathway,Metabolic pathways,
20,12,map01051,3.955568071729404e-05,0.0075946906977204555,0.25,0.5,0.3333333333333333,2.0,4.0,8.0,kegg_pathway,Biosynthesis of ansamycins,
21,12,map00710,0.0003591165533818909,0.02773370780858289,0.25,0.18181818181818182,0.2105263157894737,2.0,11.0,8.0,kegg_pathway,Carbon fixation by Calvin cycle,
22,12,map02010,0.0004333391845091077,0.02773370780858289,0.375,0.05,0.08823529411764708,3.0,60.0,8.0,kegg_pathway,ABC transporters,
23,12,map00030,0.0006818197230084261,0.032727346704404456,0.25,0.13333333333333333,0.1739130434782609,2.0,15.0,8.0,kegg_pathway,Pentose phosphate pathway,
24,13,map00430,1.8415749715795402e-05,0.0035358239454327174,0.15384615384615385,1.0,0.2666666666666667,2.0,2.0,13.0,kegg_pathway,Taurine and hypotaurine metabolism,
25,13,map00640,4.567046341356198e-05,0.004384364487701951,0.23076923076923078,0.17647058823529413,0.20000000000000004,3.0,17.0,13.0,kegg_pathway,Propanoate metabolism,
26,13,map00620,0.0002379086109150104,0.015226151098560665,0.23076923076923078,0.10344827586206896,0.14285714285714288,3.0,29.0,13.0,kegg_pathway,Pyruvate metabolism,
27,13,map01120,0.0012951887984178284,0.062169062324055765,0.3076923076923077,0.034482758620689655,0.06201550387596899,4.0,116.0,13.0,kegg_pathway,Microbial metabolism in diverse environments,
28,13,map01100,0.0018084519049840731,0.06944455315138841,0.5384615384615384,0.015053763440860216,0.0292887029288703,7.0,465.0,13.0,kegg_pathway,Metabolic pathways,
29,16,map00500,4.4235911503053227e-10,8.49329500858622e-08,0.2647058823529412,0.21428571428571427,0.2368421052631579,9.0,42.0,34.0,kegg_pathway,Starch and sucrose metabolism,
30,16,map02024,0.0001559660317284017,0.014972739045926563,0.14705882352941177,0.10869565217391304,0.125,5.0,46.0,34.0,kegg_pathway,Quorum sensing,
31,16,map00051,0.001449545497645134,0.09277091184928858,0.08823529411764706,0.15,0.11111111111111112,3.0,20.0,34.0,kegg_pathway,Fructose and mannose metabolism,
32,21,map00740,0.0003177956686086577,0.06101676837286228,0.11764705882352941,0.4,0.1818181818181818,2.0,5.0,17.0,kegg_pathway,Riboflavin metabolism,
33,22,map02020,5.933042228612837e-08,1.1391441078936648e-05,0.4375,0.09210526315789473,0.15217391304347827,7.0,76.0,16.0,kegg_pathway,Two-component system,
34,22,map02030,5.633173734647285e-06,0.0005407846785261395,0.3125,0.09615384615384616,0.14705882352941177,5.0,52.0,16.0,kegg_pathway,Bacterial chemotaxis,
35,23,map00220,1.266617411282336e-07,1.976078692650056e-05,0.4444444444444444,0.2222222222222222,0.2962962962962963,4.0,18.0,9.0,kegg_pathway,Arginine biosynthesis,
36,23,map01230,2.058415304843808e-07,1.976078692650056e-05,0.6666666666666666,0.05405405405405406,0.1,6.0,111.0,9.0,kegg_pathway,Biosynthesis of amino acids,
37,23,map01210,4.3620661812312797e-07,2.791722355988019e-05,0.4444444444444444,0.16666666666666666,0.24242424242424243,4.0,24.0,9.0,kegg_pathway,2-Oxocarboxylic acid metabolism,
38,23,map01130,1.5842210345027116e-06,7.604260965613016e-05,0.6666666666666666,0.038461538461538464,0.07272727272727274,6.0,156.0,9.0,kegg_pathway,,
39,23,map01100,3.118526768021789e-06,0.00011975142789203669,0.8888888888888888,0.017204301075268817,0.03375527426160337,8.0,465.0,9.0,kegg_pathway,Metabolic pathways,
40,23,map01110,5.424302842860922e-06,0.00017357769097154952,0.6666666666666666,0.03125,0.05970149253731343,6.0,192.0,9.0,kegg_pathway,Biosynthesis of secondary metabolites,
41,23,map00300,1.1225022028663412e-05,0.0003078863185004821,0.3333333333333333,0.1875,0.24000000000000005,3.0,16.0,9.0,kegg_pathway,Lysine biosynthesis,
42,23,map00261,0.0002357062883175182,0.005656950919620437,0.2222222222222222,0.25,0.23529411764705882,2.0,8.0,9.0,kegg_pathway,Monobactam biosynthesis,
43,23,map00250,0.0026578818484636526,0.056701479433891255,0.2222222222222222,0.07692307692307693,0.1142857142857143,2.0,26.0,9.0,kegg_pathway,"Alanine, aspartate and glutamate metabolism",
44,23,map01120,0.004344430070068177,0.08341305734530899,0.3333333333333333,0.02586206896551724,0.048,3.0,116.0,9.0,kegg_pathway,Microbial metabolism in diverse environments,
45,25,map00920,5.2851109227717345e-20,1.0147412971721731e-17,0.34285714285714286,0.631578947368421,0.4444444444444445,12.0,19.0,35.0,kegg_pathway,Sulfur metabolism,
46,25,map00860,4.191823704250889e-12,4.0241507560808536e-10,0.22857142857142856,0.47058823529411764,0.3076923076923077,8.0,17.0,35.0,kegg_pathway,Porphyrin metabolism,
47,25,map01120,3.497610247344244e-09,2.238470558300316e-07,0.34285714285714286,0.10344827586206896,0.15894039735099338,12.0,116.0,35.0,kegg_pathway,Microbial metabolism in diverse environments,
48,25,map00450,3.4981262736877555e-06,0.0001343280489096098,0.11428571428571428,0.4,0.17777777777777776,4.0,10.0,35.0,kegg_pathway,Selenocompound metabolism,
49,25,map04122,3.4981262736877555e-06,0.0001343280489096098,0.11428571428571428,0.4,0.17777777777777776,4.0,10.0,35.0,kegg_pathway,Sulfur relay system,
50,25,map02010,4.7412019854069e-06,0.0001517184635330208,0.2,0.11666666666666667,0.1473684210526316,7.0,60.0,35.0,kegg_pathway,ABC transporters,
51,25,map01110,7.954839592176807e-06,0.00021818988595684956,0.3142857142857143,0.057291666666666664,0.09691629955947136,11.0,192.0,35.0,kegg_pathway,Biosynthesis of secondary metabolites,
52,25,map01100,0.0001311919367346839,0.0031486064816324136,0.42857142857142855,0.03225806451612903,0.06,15.0,465.0,35.0,kegg_pathway,Metabolic pathways,
53,25,map00270,0.00033626880317290804,0.007173734467688705,0.11428571428571428,0.13793103448275862,0.125,4.0,29.0,35.0,kegg_pathway,Cysteine and methionine metabolism,
54,25,map00261,0.0037585719644647898,0.07216458171772396,0.05714285714285714,0.25,0.09302325581395347,2.0,8.0,35.0,kegg_pathway,Monobactam biosynthesis,
55,26,map00910,5.148055877801013e-05,0.004942133642688973,0.14285714285714285,0.2727272727272727,0.18749999999999997,3.0,11.0,21.0,kegg_pathway,Nitrogen metabolism,
56,26,map00970,4.862091034632353e-05,0.004942133642688973,0.19047619047619047,0.13333333333333333,0.1568627450980392,4.0,30.0,21.0,kegg_pathway,Aminoacyl-tRNA biosynthesis,
57,26,map01120,0.00011691839212704043,0.005612082822097941,0.2857142857142857,0.05172413793103448,0.08759124087591241,6.0,116.0,21.0,kegg_pathway,Microbial metabolism in diverse environments,
58,26,map01230,9.126465151581656e-05,0.005612082822097941,0.2857142857142857,0.05405405405405406,0.09090909090909091,6.0,111.0,21.0,kegg_pathway,Biosynthesis of amino acids,
59,26,map00630,0.0002063232252953814,0.007922811851342646,0.14285714285714285,0.17647058823529413,0.15789473684210528,3.0,17.0,21.0,kegg_pathway,Glyoxylate and dicarboxylate metabolism,
60,26,map04724,0.0002949005200264064,0.008088699977867146,0.09523809523809523,0.5,0.16,2.0,4.0,21.0,kegg_pathway,Glutamatergic synapse,
61,26,map04727,0.0002949005200264064,0.008088699977867146,0.09523809523809523,0.5,0.16,2.0,4.0,21.0,kegg_pathway,GABAergic synapse,
62,26,map00250,0.0007565514976845636,0.01815723594442953,0.14285714285714285,0.11538461538461539,0.12765957446808512,3.0,26.0,21.0,kegg_pathway,"Alanine, aspartate and glutamate metabolism",
63,26,map04217,0.0010187391852453374,0.021733102618567198,0.09523809523809523,0.2857142857142857,0.14285714285714285,2.0,7.0,21.0,kegg_pathway,Necroptosis,
64,26,map00261,0.0013524129978588202,0.025966329558889348,0.09523809523809523,0.25,0.13793103448275862,2.0,8.0,21.0,kegg_pathway,Monobactam biosynthesis,
65,26,map01100,0.003040668222137517,0.053073481695491205,0.42857142857142855,0.01935483870967742,0.037037037037037035,9.0,465.0,21.0,kegg_pathway,Metabolic pathways,
66,26,map00300,0.005597750617734282,0.08956400988374852,0.09523809523809523,0.125,0.1081081081081081,2.0,16.0,21.0,kegg_pathway,Lysine biosynthesis,
67,27,map03010,1.1016948883240895e-54,2.115254185582252e-52,0.7857142857142857,0.6111111111111112,0.6875000000000001,33.0,54.0,42.0,kegg_pathway,Ribosome,
68,30,map00920,9.398537063700245e-07,0.00018045191162304472,0.75,0.15789473684210525,0.2608695652173913,3.0,19.0,4.0,kegg_pathway,Sulfur metabolism,
69,33,map00910,6.520198635013319e-06,0.0012518781379225574,0.2727272727272727,0.2727272727272727,0.2727272727272727,3.0,11.0,11.0,kegg_pathway,Nitrogen metabolism,
70,33,map00630,2.6539705383764587e-05,0.0025478117168414006,0.2727272727272727,0.17647058823529413,0.21428571428571427,3.0,17.0,11.0,kegg_pathway,Glyoxylate and dicarboxylate metabolism,
71,33,map04724,7.759171853631984e-05,0.003724402489743352,0.18181818181818182,0.5,0.26666666666666666,2.0,4.0,11.0,kegg_pathway,Glutamatergic synapse,
72,33,map04727,7.759171853631984e-05,0.003724402489743352,0.18181818181818182,0.5,0.26666666666666666,2.0,4.0,11.0,kegg_pathway,GABAergic synapse,
73,33,map00250,9.960193028804863e-05,0.0038247141230610673,0.2727272727272727,0.11538461538461539,0.16216216216216214,3.0,26.0,11.0,kegg_pathway,"Alanine, aspartate and glutamate metabolism",
74,33,map04217,0.00026989408541627785,0.008636610733320891,0.18181818181818182,0.2857142857142857,0.2222222222222222,2.0,7.0,11.0,kegg_pathway,Necroptosis,
75,33,map01120,0.0006360790881167236,0.01744674070263013,0.36363636363636365,0.034482758620689655,0.06299212598425197,4.0,116.0,11.0,kegg_pathway,Microbial metabolism in diverse environments,
76,33,map01501,0.0011527596238955185,0.027666230973492446,0.18181818181818182,0.14285714285714285,0.16,2.0,14.0,11.0,kegg_pathway,beta-Lactam resistance,
77,33,map00220,0.0019222159447555417,0.04100727348811822,0.18181818181818182,0.1111111111111111,0.13793103448275862,2.0,18.0,11.0,kegg_pathway,Arginine biosynthesis,
78,35,map00860,2.3196683708551245e-06,0.000282882997121023,0.2222222222222222,0.23529411764705882,0.22857142857142856,4.0,17.0,18.0,kegg_pathway,Porphyrin metabolism,
79,35,map01120,2.9466978866773225e-06,0.000282882997121023,0.3888888888888889,0.0603448275862069,0.1044776119402985,7.0,116.0,18.0,kegg_pathway,Microbial metabolism in diverse environments,
80,35,map00633,2.3203820350775257e-05,0.0011137833768372124,0.16666666666666666,0.3,0.21428571428571427,3.0,10.0,18.0,kegg_pathway,Nitrotoluene degradation,
81,35,map00680,2.209872358241363e-05,0.0011137833768372124,0.2222222222222222,0.13793103448275862,0.1702127659574468,4.0,29.0,18.0,kegg_pathway,Methane metabolism,
82,35,map00640,0.00012796812606691576,0.004094980034141304,0.16666666666666666,0.17647058823529413,0.17142857142857143,3.0,17.0,18.0,kegg_pathway,Propanoate metabolism,
83,35,map00650,0.00012796812606691576,0.004094980034141304,0.16666666666666666,0.17647058823529413,0.17142857142857143,3.0,17.0,18.0,kegg_pathway,Butanoate metabolism,
84,35,map00020,0.00018094611509163395,0.004963093442513388,0.16666666666666666,0.15789473684210525,0.16216216216216214,3.0,19.0,18.0,kegg_pathway,Citrate cycle (TCA cycle),
85,35,map01200,0.00042886924727776306,0.010292861934666313,0.2222222222222222,0.06557377049180328,0.10126582278481013,4.0,61.0,18.0,kegg_pathway,Carbon metabolism,
86,35,map00620,0.0006563811933291428,0.01260251891191954,0.16666666666666666,0.10344827586206896,0.1276595744680851,3.0,29.0,18.0,kegg_pathway,Pyruvate metabolism,
87,35,map00720,0.000590765765424309,0.01260251891191954,0.16666666666666666,0.10714285714285714,0.13043478260869565,3.0,28.0,18.0,kegg_pathway,Other carbon fixation pathways,
88,35,map00010,0.0008806791020136559,0.01537185341696563,0.16666666666666666,0.09375,0.12000000000000002,3.0,32.0,18.0,kegg_pathway,Glycolysis / Gluconeogenesis,
89,37,map02030,0.00014846998934717456,0.028506237954657516,0.1276595744680851,0.11538461538461539,0.12121212121212122,6.0,52.0,47.0,kegg_pathway,Bacterial chemotaxis,
90,38,map02010,2.3748513743257917e-06,0.000455971463870552,0.6666666666666666,0.06666666666666667,0.1212121212121212,4.0,60.0,6.0,kegg_pathway,ABC transporters,
91,40,map00340,8.31917880783725e-09,1.5972823311047523e-06,0.5714285714285714,0.3076923076923077,0.4,4.0,13.0,7.0,kegg_pathway,Histidine metabolism,
92,40,map01110,5.059646174857291e-07,4.8572603278629995e-05,0.8571428571428571,0.03125,0.06030150753768844,6.0,192.0,7.0,kegg_pathway,Biosynthesis of secondary metabolites,
93,40,map01230,1.4576285019740923e-06,9.328822412634191e-05,0.7142857142857143,0.04504504504504504,0.0847457627118644,5.0,111.0,7.0,kegg_pathway,Biosynthesis of amino acids,
94,40,map01100,9.784443611280587e-05,0.004696532933414682,0.8571428571428571,0.012903225806451613,0.025423728813559324,6.0,465.0,7.0,kegg_pathway,Metabolic pathways,
95,41,map01120,6.6965322308761965e-09,1.2857341883282299e-06,0.5,0.07758620689655173,0.13432835820895522,9.0,116.0,18.0,kegg_pathway,Microbial metabolism in diverse environments,
96,41,map01130,9.323780768865496e-08,7.086807101328033e-06,0.5,0.057692307692307696,0.10344827586206896,9.0,156.0,18.0,kegg_pathway,,
97,41,map01230,1.1073136095825051e-07,7.086807101328033e-06,0.4444444444444444,0.07207207207207207,0.12403100775193798,8.0,111.0,18.0,kegg_pathway,Biosynthesis of amino acids,
98,41,map01110,5.685660984743624e-07,2.7291172726769394e-05,0.5,0.046875,0.08571428571428572,9.0,192.0,18.0,kegg_pathway,Biosynthesis of secondary metabolites,
99,41,map00300,1.780735035148981e-06,6.838022534972086e-05,0.2222222222222222,0.25,0.23529411764705882,4.0,16.0,18.0,kegg_pathway,Lysine biosynthesis,
100,41,map00250,1.4072464066410105e-05,0.00045031885012512335,0.2222222222222222,0.15384615384615385,0.18181818181818185,4.0,26.0,18.0,kegg_pathway,"Alanine, aspartate and glutamate metabolism",
101,41,map01100,1.687260464218943e-05,0.0004627914416143386,0.6111111111111112,0.023655913978494623,0.045548654244306416,11.0,465.0,18.0,kegg_pathway,Metabolic pathways,
102,41,map00910,3.1781810435604984e-05,0.0007627634504545197,0.16666666666666666,0.2727272727272727,0.20689655172413793,3.0,11.0,18.0,kegg_pathway,Nitrogen metabolism,
103,41,map04964,3.6123201365598674e-05,0.0007706282957994384,0.1111111111111111,1.0,0.19999999999999998,2.0,2.0,18.0,kegg_pathway,Proximal tubule bicarbonate reclamation,
104,41,map00630,0.00012796812606691576,0.0024569880204847825,0.16666666666666666,0.17647058823529413,0.17142857142857143,3.0,17.0,18.0,kegg_pathway,Glyoxylate and dicarboxylate metabolism,
105,41,map00220,0.00015296756695889628,0.002669979350555281,0.16666666666666666,0.16666666666666666,0.16666666666666666,3.0,18.0,18.0,kegg_pathway,Arginine biosynthesis,
106,41,map04922,0.0003572736903020683,0.005716379044833093,0.1111111111111111,0.4,0.1739130434782609,2.0,5.0,18.0,kegg_pathway,Glucagon signaling pathway,
107,41,map00270,0.0006563811933291428,0.009694245316861185,0.16666666666666666,0.10344827586206896,0.1276595744680851,3.0,29.0,18.0,kegg_pathway,Cysteine and methionine metabolism,
108,41,map04217,0.000744786556723857,0.010214215635070039,0.1111111111111111,0.2857142857142857,0.16,2.0,7.0,18.0,kegg_pathway,Necroptosis,
109,41,map01200,0.005710657735024662,0.07309641900831568,0.16666666666666666,0.04918032786885246,0.07594936708860758,3.0,61.0,18.0,kegg_pathway,Carbon metabolism,
110,41,map00260,0.007075378663648075,0.0849045439637769,0.1111111111111111,0.09523809523809523,0.10256410256410256,2.0,21.0,18.0,kegg_pathway,"Glycine, serine and threonine metabolism",
111,43,map00240,8.29954739243866e-15,1.5935130993482228e-12,0.8888888888888888,0.19047619047619047,0.3137254901960784,8.0,42.0,9.0,kegg_pathway,Pyrimidine metabolism,
112,43,map01100,3.118526768021789e-06,0.00029937856973009176,0.8888888888888888,0.017204301075268817,0.03375527426160337,8.0,465.0,9.0,kegg_pathway,Metabolic pathways,
113,43,map00250,5.131290440360934e-05,0.003284025881830998,0.3333333333333333,0.11538461538461539,0.17142857142857146,3.0,26.0,9.0,kegg_pathway,"Alanine, aspartate and glutamate metabolism",
114,44,map00051,4.4217637874356735e-05,0.004641470769691286,0.2727272727272727,0.15,0.19354838709677416,3.0,20.0,11.0,kegg_pathway,Fructose and mannose metabolism,
115,44,map02010,4.834865385095089e-05,0.004641470769691286,0.36363636363636365,0.06666666666666667,0.11267605633802817,4.0,60.0,11.0,kegg_pathway,ABC transporters,
116,45,map00625,8.12233310358328e-06,0.0015594879558879899,0.15789473684210525,0.42857142857142855,0.23076923076923078,3.0,7.0,19.0,kegg_pathway,Chloroalkane and chloroalkene degradation,
117,45,map00910,3.7662870652984664e-05,0.003615635582686528,0.15789473684210525,0.2727272727272727,0.19999999999999998,3.0,11.0,19.0,kegg_pathway,Nitrogen metabolism,
118,45,map00920,0.0002139868897325742,0.013695160942884749,0.15789473684210525,0.15789473684210525,0.15789473684210525,3.0,19.0,19.0,kegg_pathway,Sulfur metabolism,
119,45,map02010,0.0005017780591421922,0.024085346838825225,0.21052631578947367,0.06666666666666667,0.10126582278481013,4.0,60.0,19.0,kegg_pathway,ABC transporters,
120,45,map00270,0.0007742403257671748,0.02973082850945951,0.15789473684210525,0.10344827586206896,0.125,3.0,29.0,19.0,kegg_pathway,Cysteine and methionine metabolism,
121,49,map00220,1.2037737107313091e-08,2.3112455246041136e-06,0.2,0.3333333333333333,0.25,6.0,18.0,30.0,kegg_pathway,Arginine biosynthesis,
122,49,map00791,9.885493805184089e-07,9.490074052976726e-05,0.1,1.0,0.18181818181818182,3.0,3.0,30.0,kegg_pathway,Atrazine degradation,
123,49,map04724,3.926662274542001e-06,0.00018847978917801606,0.1,0.75,0.17647058823529416,3.0,4.0,30.0,kegg_pathway,Glutamatergic synapse,
124,49,map04727,3.926662274542001e-06,0.00018847978917801606,0.1,0.75,0.17647058823529416,3.0,4.0,30.0,kegg_pathway,GABAergic synapse,
125,49,map04217,3.3645788784522705e-05,0.0012919982893256719,0.1,0.42857142857142855,0.16216216216216217,3.0,7.0,30.0,kegg_pathway,Necroptosis,
126,49,map01120,0.00012649128101077105,0.004047720992344674,0.23333333333333334,0.0603448275862069,0.09589041095890412,7.0,116.0,30.0,kegg_pathway,Microbial metabolism in diverse environments,
127,49,map00910,0.0001542483385959427,0.004230811572917286,0.1,0.2727272727272727,0.14634146341463417,3.0,11.0,30.0,kegg_pathway,Nitrogen metabolism,
128,49,map00970,0.0002087055874936787,0.005008934099848289,0.13333333333333333,0.13333333333333333,0.13333333333333333,4.0,30.0,30.0,kegg_pathway,Aminoacyl-tRNA biosynthesis,
129,49,map02010,0.00030156216879158684,0.006433326267553853,0.16666666666666666,0.08333333333333333,0.1111111111111111,5.0,60.0,30.0,kegg_pathway,ABC transporters,
130,49,map00630,0.0006096418446061917,0.01064102128767171,0.1,0.17647058823529413,0.12765957446808512,3.0,17.0,30.0,kegg_pathway,Glyoxylate and dicarboxylate metabolism,
131,49,map05120,0.0006083384576165381,0.01064102128767171,0.06666666666666667,0.5,0.11764705882352941,2.0,4.0,30.0,kegg_pathway,Epithelial cell signaling in Helicobacter pylori infection,
132,49,map02024,0.0011079788523284655,0.01772766163725545,0.13333333333333333,0.08695652173913043,0.10526315789473685,4.0,46.0,30.0,kegg_pathway,Quorum sensing,
133,49,map00250,0.0021894063034058925,0.03233584694261011,0.1,0.11538461538461539,0.10714285714285714,3.0,26.0,30.0,kegg_pathway,"Alanine, aspartate and glutamate metabolism",
134,49,map02020,0.007025917818473386,0.096355444367635,0.13333333333333333,0.05263157894736842,0.07547169811320754,4.0,76.0,30.0,kegg_pathway,Two-component system,
135,51,map00230,1.1494680912934035e-10,2.2069787352833348e-08,0.8571428571428571,0.12244897959183673,0.21428571428571427,6.0,49.0,7.0,kegg_pathway,Purine metabolism,
136,51,map01130,1.4451516799019056e-07,1.3873456127058295e-05,0.8571428571428571,0.038461538461538464,0.0736196319018405,6.0,156.0,7.0,kegg_pathway,,
137,51,map01110,5.059646174857291e-07,3.2381735519086663e-05,0.8571428571428571,0.03125,0.06030150753768844,6.0,192.0,7.0,kegg_pathway,Biosynthesis of secondary metabolites,
138,51,map01100,9.784443611280587e-05,0.004696532933414682,0.8571428571428571,0.012903225806451613,0.025423728813559324,6.0,465.0,7.0,kegg_pathway,Metabolic pathways,
139,51,map00670,0.00038188125467998303,0.014664240179711348,0.2857142857142857,0.15384615384615385,0.2,2.0,13.0,7.0,kegg_pathway,One carbon pool by folate,
140,52,map02040,8.44853894956231e-12,1.6221194783159636e-09,0.3,0.28125,0.29032258064516125,9.0,32.0,30.0,kegg_pathway,Flagellar assembly,
141,52,map02030,2.5791714295301045e-08,2.4760045723489007e-06,0.26666666666666666,0.15384615384615385,0.1951219512195122,8.0,52.0,30.0,kegg_pathway,Bacterial chemotaxis,
142,52,map00190,6.836367810171618e-06,0.0004375275398509836,0.16666666666666666,0.17857142857142858,0.17241379310344826,5.0,28.0,30.0,kegg_pathway,Oxidative phosphorylation,
143,52,map02020,0.0009086952862561173,0.04361737374029363,0.16666666666666666,0.06578947368421052,0.09433962264150943,5.0,76.0,30.0,kegg_pathway,Two-component system,
144,55,map00550,7.308199471588091e-07,0.00014031742985449138,0.22727272727272727,0.2,0.21276595744680854,5.0,25.0,22.0,kegg_pathway,Peptidoglycan biosynthesis,
145,55,map01502,3.0582552113918745e-05,0.0029359250029361997,0.13636363636363635,0.3333333333333333,0.1935483870967742,3.0,9.0,22.0,kegg_pathway,Vancomycin resistance,
146,59,map02010,8.088970449017474e-05,0.01553082326211355,0.6,0.05,0.0923076923076923,3.0,60.0,5.0,kegg_pathway,ABC transporters,
147,60,map00195,2.792457378361744e-15,5.361518166454548e-13,0.6666666666666666,0.75,0.7058823529411765,6.0,8.0,9.0,kegg_pathway,Photosynthesis,
148,60,map00190,3.6910779317842705e-11,3.5434348145129e-09,0.6666666666666666,0.21428571428571427,0.3243243243243243,6.0,28.0,9.0,kegg_pathway,Oxidative phosphorylation,
149,60,map01100,3.118526768021789e-06,0.0001995857131533945,0.8888888888888888,0.017204301075268817,0.03375527426160337,8.0,465.0,9.0,kegg_pathway,Metabolic pathways,
150,63,map00190,3.1700560340231387e-06,0.0006086507585324427,0.75,0.10714285714285714,0.1875,3.0,28.0,4.0,kegg_pathway,Oxidative phosphorylation,
151,65,map02030,9.067055753818115e-08,1.740874704733078e-05,1.0,0.07692307692307693,0.14285714285714288,4.0,52.0,4.0,kegg_pathway,Bacterial chemotaxis,
152,65,map02020,4.296908617879691e-07,4.125032273164504e-05,1.0,0.05263157894736842,0.1,4.0,76.0,4.0,kegg_pathway,Two-component system,
153,66,map00633,4.890840998596399e-09,9.390414717305086e-07,0.5,0.4,0.4444444444444445,4.0,10.0,8.0,kegg_pathway,Nitrotoluene degradation,
154,66,map00640,5.5002903970846365e-08,3.5201858541341674e-06,0.5,0.23529411764705882,0.31999999999999995,4.0,17.0,8.0,kegg_pathway,Propanoate metabolism,
155,66,map00650,5.5002903970846365e-08,3.5201858541341674e-06,0.5,0.23529411764705882,0.31999999999999995,4.0,17.0,8.0,kegg_pathway,Butanoate metabolism,
156,66,map00020,8.937841534567063e-08,4.290163936592191e-06,0.5,0.21052631578947367,0.2962962962962963,4.0,19.0,8.0,kegg_pathway,Citrate cycle (TCA cycle),
157,66,map00620,5.416577024623788e-07,1.4856896981825246e-05,0.5,0.13793103448275862,0.2162162162162162,4.0,29.0,8.0,kegg_pathway,Pyruvate metabolism,
158,66,map00680,5.416577024623788e-07,1.4856896981825246e-05,0.5,0.13793103448275862,0.2162162162162162,4.0,29.0,8.0,kegg_pathway,Methane metabolism,
159,66,map00720,4.674638616563288e-07,1.4856896981825246e-05,0.5,0.14285714285714285,0.22222222222222224,4.0,28.0,8.0,kegg_pathway,Other carbon fixation pathways,
160,66,map00010,8.173699813043805e-07,1.9616879551305134e-05,0.5,0.125,0.2,4.0,32.0,8.0,kegg_pathway,Glycolysis / Gluconeogenesis,
161,66,map01200,1.148512629142436e-05,0.0002450160275503863,0.5,0.06557377049180328,0.11594202898550726,4.0,61.0,8.0,kegg_pathway,Carbon metabolism,
162,66,map01120,0.0001481373552258029,0.0028442372203354156,0.5,0.034482758620689655,0.06451612903225806,4.0,116.0,8.0,kegg_pathway,Microbial metabolism in diverse environments,
163,66,map01100,0.0003385302866269589,0.005908892275670556,0.75,0.012903225806451613,0.02536997885835095,6.0,465.0,8.0,kegg_pathway,Metabolic pathways,
164,66,map01130,0.00046928799241438513,0.007508607878630162,0.5,0.02564102564102564,0.048780487804878044,4.0,156.0,8.0,kegg_pathway,,
165,66,map00190,0.0024109654258557263,0.03560810475109996,0.25,0.07142857142857142,0.11111111111111112,2.0,28.0,8.0,kegg_pathway,Oxidative phosphorylation,
0,2,M00023,3.225900170110525e-14,6.355023335117735e-12,1.0,0.625,0.7692307692307693,5.0,8.0,5.0,kegg_module,,"Tryptophan biosynthesis, chorismate => tryptophan"
1,10,M00083,3.849617527479226e-06,0.0007583746529134076,0.23076923076923078,0.375,0.2857142857142857,3.0,8.0,13.0,kegg_module,,"Fatty acid biosynthesis, elongation"
2,10,M00082,0.00010993812285486215,0.010828905101203923,0.15384615384615385,0.5,0.23529411764705882,2.0,4.0,13.0,kegg_module,,"Fatty acid biosynthesis, initiation"
3,10,M00572,0.00038188125467998303,0.025076869057318884,0.15384615384615385,0.2857142857142857,0.2,2.0,7.0,13.0,kegg_module,,"Pimeloyl-ACP biosynthesis, BioC-BioH pathway, malonyl-ACP => pimeloyl-ACP"
4,12,M00212,2.716494480485425e-07,5.351494126556287e-05,0.375,0.5,0.42857142857142855,3.0,6.0,8.0,kegg_module,,
5,12,M00007,9.861737690040687e-05,0.006475874416460051,0.25,0.3333333333333333,0.28571428571428575,2.0,6.0,8.0,kegg_module,,"Pentose phosphate pathway, non-oxidative phase, fructose-6P => ribose-5P"
6,12,M00167,9.861737690040687e-05,0.006475874416460051,0.25,0.3333333333333333,0.28571428571428575,2.0,6.0,8.0,kegg_module,,
7,12,M00004,0.00013787441839911767,0.006790315106156545,0.25,0.2857142857142857,0.26666666666666666,2.0,7.0,8.0,kegg_module,,Pentose phosphate pathway (Pentose phosphate cycle)
8,12,M00165,0.0001835796722927613,0.007233039088334795,0.25,0.25,0.25,2.0,8.0,8.0,kegg_module,,Reductive pentose phosphate cycle (Calvin cycle)
9,13,M00579,1.8415749715795402e-05,0.0036279026940116946,0.15384615384615385,1.0,0.2666666666666667,2.0,2.0,13.0,kegg_module,,"Phosphate acetyltransferase-acetate kinase pathway, acetyl-CoA => acetate"
10,13,M00357,5.51079756878649e-05,0.005428135605254693,0.15384615384615385,0.6666666666666666,0.25,2.0,3.0,13.0,kegg_module,,"Methanogenesis, acetate => methane"
11,21,M00125,0.0003177956686086577,0.06260574671590557,0.11764705882352941,0.4,0.1818181818181818,2.0,5.0,17.0,kegg_module,,"Riboflavin biosynthesis, plants and bacteria, GTP => riboflavin/FMN/FAD"
12,22,M00434,8.472306464167132e-05,0.01669044373440925,0.125,0.6666666666666666,0.21052631578947367,2.0,3.0,16.0,kegg_module,,
13,23,M00028,8.168438437609072e-08,1.6091823722089875e-05,0.3333333333333333,0.75,0.46153846153846156,3.0,4.0,9.0,kegg_module,,"Ornithine biosynthesis, glutamate => ornithine"
14,23,M00845,2.038948993386849e-07,2.0083647584860465e-05,0.3333333333333333,0.6,0.42857142857142855,3.0,5.0,9.0,kegg_module,,"Arginine biosynthesis, glutamate => acetylcitrulline => arginine"
15,23,M00016,1.702133982474531e-06,0.00011177346484916086,0.3333333333333333,0.3333333333333333,0.3333333333333333,3.0,9.0,9.0,kegg_module,,"Lysine biosynthesis, succinyl-DAP pathway, aspartate => lysine"
16,23,M00051,0.00030256461812753056,0.008515032824446217,0.2222222222222222,0.2222222222222222,0.2222222222222222,2.0,9.0,9.0,kegg_module,,"De novo pyrimidine biosynthesis, glutamine (+ PRPP) => UMP"
17,23,M00525,0.0002357062883175182,0.008515032824446217,0.2222222222222222,0.25,0.23529411764705882,2.0,8.0,9.0,kegg_module,,"Lysine biosynthesis, acetyl-DAP pathway, aspartate => lysine"
18,23,M00526,0.0002357062883175182,0.008515032824446217,0.2222222222222222,0.25,0.23529411764705882,2.0,8.0,9.0,kegg_module,,"Lysine biosynthesis, DAP dehydrogenase pathway, aspartate => lysine"
19,23,M00527,0.00030256461812753056,0.008515032824446217,0.2222222222222222,0.2222222222222222,0.2222222222222222,2.0,9.0,9.0,kegg_module,,"Lysine biosynthesis, DAP aminotransferase pathway, aspartate => lysine"
20,25,M00121,1.6585565643237722e-15,3.267356431717831e-13,0.22857142857142856,0.8888888888888888,0.3636363636363636,8.0,9.0,35.0,kegg_module,,"Heme biosynthesis, plants and bacteria, glutamate => heme"
21,25,M00185,1.7536283655736135e-08,1.7273239400900093e-06,0.11428571428571428,1.0,0.20512820512820512,4.0,4.0,35.0,kegg_module,,
22,25,M00176,1.5936097772150213e-06,0.00010464704203711973,0.08571428571428572,1.0,0.15789473684210528,3.0,3.0,35.0,kegg_module,,"Assimilatory sulfate reduction, sulfate => H2S"
23,25,M00188,1.6112951184329256e-05,0.0007935628458282159,0.11428571428571428,0.2857142857142857,0.16326530612244897,4.0,14.0,35.0,kegg_module,,
24,25,M00435,0.0001404791164217726,0.005534877187017841,0.05714285714285714,1.0,0.1081081081081081,2.0,2.0,35.0,kegg_module,,
25,25,M00436,0.00041825012971088787,0.013732545925507484,0.05714285714285714,0.6666666666666666,0.10526315789473684,2.0,3.0,35.0,kegg_module,,
26,26,M00016,0.0017312586356039252,0.08526448780349333,0.09523809523809523,0.2222222222222222,0.13333333333333333,2.0,9.0,21.0,kegg_module,,"Lysine biosynthesis, succinyl-DAP pathway, aspartate => lysine"
27,26,M00525,0.0013524129978588202,0.08526448780349333,0.09523809523809523,0.25,0.13793103448275862,2.0,8.0,21.0,kegg_module,,"Lysine biosynthesis, acetyl-DAP pathway, aspartate => lysine"
28,26,M00526,0.0013524129978588202,0.08526448780349333,0.09523809523809523,0.25,0.13793103448275862,2.0,8.0,21.0,kegg_module,,"Lysine biosynthesis, DAP dehydrogenase pathway, aspartate => lysine"
29,26,M00527,0.0017312586356039252,0.08526448780349333,0.09523809523809523,0.2222222222222222,0.13333333333333333,2.0,9.0,21.0,kegg_module,,"Lysine biosynthesis, DAP aminotransferase pathway, aspartate => lysine"
30,27,M00178,1.1016948883240895e-54,2.1703389299984564e-52,0.7857142857142857,0.6111111111111112,0.6875000000000001,33.0,54.0,42.0,kegg_module,,
31,27,M00179,1.0694894233708857e-47,1.0534470820203226e-45,0.6190476190476191,0.8387096774193549,0.7123287671232876,26.0,31.0,42.0,kegg_module,,
32,27,M00183,0.001197440062861775,0.07863189746125655,0.047619047619047616,0.5,0.08695652173913042,2.0,4.0,42.0,kegg_module,,
33,30,M00185,8.49178627444728e-06,0.0016728818960661143,0.5,0.5,0.5,2.0,4.0,4.0,kegg_module,,
34,30,M00423,0.0013740982480247338,0.09023245162029085,0.25,1.0,0.4,1.0,1.0,4.0,kegg_module,,
35,30,M00596,0.0013740982480247338,0.09023245162029085,0.25,1.0,0.4,1.0,1.0,4.0,kegg_module,,"Dissimilatory sulfate reduction, sulfate => H2S"
36,33,M00627,3.887604355676644e-05,0.0076585805806829894,0.18181818181818182,0.6666666666666666,0.28571428571428575,2.0,3.0,11.0,kegg_module,,"beta-Lactam resistance, Bla system"
37,35,M00121,1.266617411282336e-07,2.4952363002262022e-05,0.2222222222222222,0.4444444444444444,0.2962962962962963,4.0,9.0,18.0,kegg_module,,"Heme biosynthesis, plants and bacteria, glutamate => heme"
38,35,M00307,1.6305760964471446e-05,0.0016061174550004375,0.16666666666666666,0.3333333333333333,0.2222222222222222,3.0,9.0,18.0,kegg_module,,"Pyruvate oxidation, pyruvate => acetyl-CoA"
39,35,M00374,3.1781810435604984e-05,0.0020870055519380606,0.16666666666666666,0.2727272727272727,0.20689655172413793,3.0,11.0,18.0,kegg_module,,Dicarboxylate-hydroxybutyrate cycle
40,35,M00188,6.930191976029114e-05,0.002730495638555471,0.16666666666666666,0.21428571428571427,0.1875,3.0,14.0,18.0,kegg_module,,
41,35,M00620,6.930191976029114e-05,0.002730495638555471,0.16666666666666666,0.21428571428571427,0.1875,3.0,14.0,18.0,kegg_module,,"Incomplete reductive citrate cycle, acetyl-CoA => oxoglutarate"
42,35,M00173,0.00018094611509163395,0.005941064112175314,0.16666666666666666,0.15789473684210525,0.16216216216216214,3.0,19.0,18.0,kegg_module,,Reductive citrate cycle (Arnon-Buchanan cycle)
43,36,M00245,0.00012064709522075175,0.011883738879244049,0.10526315789473684,0.6666666666666666,0.18181818181818182,2.0,3.0,19.0,kegg_module,,
44,36,M00246,0.00012064709522075175,0.011883738879244049,0.10526315789473684,0.6666666666666666,0.18181818181818182,2.0,3.0,19.0,kegg_module,,
45,38,M00299,5.023763461345341e-12,9.896814018850322e-10,0.6666666666666666,1.0,0.8,4.0,4.0,6.0,kegg_module,,
46,40,M00026,3.84598082250539e-09,7.576582220335618e-07,0.5714285714285714,0.36363636363636365,0.4444444444444444,4.0,11.0,7.0,kegg_module,,"Histidine biosynthesis, PRPP => histidine"
47,41,M00527,1.266617411282336e-07,2.4952363002262022e-05,0.2222222222222222,0.4444444444444444,0.2962962962962963,4.0,9.0,18.0,kegg_module,,"Lysine biosynthesis, DAP aminotransferase pathway, aspartate => lysine"
48,41,M00016,1.6305760964471446e-05,0.0010707449700002917,0.16666666666666666,0.3333333333333333,0.2222222222222222,3.0,9.0,18.0,kegg_module,,"Lysine biosynthesis, succinyl-DAP pathway, aspartate => lysine"
49,41,M00525,1.091272789002371e-05,0.0010707449700002917,0.16666666666666666,0.375,0.23076923076923078,3.0,8.0,18.0,kegg_module,,"Lysine biosynthesis, acetyl-DAP pathway, aspartate => lysine"
50,41,M00526,0.0009894111663351353,0.04872849994200541,0.1111111111111111,0.25,0.15384615384615383,2.0,8.0,18.0,kegg_module,,"Lysine biosynthesis, DAP dehydrogenase pathway, aspartate => lysine"
51,42,M00019,0.0006618530498270445,0.06519252540796389,0.1,0.3333333333333333,0.15384615384615383,2.0,6.0,20.0,kegg_module,,"Valine/isoleucine biosynthesis, pyruvate => valine / 2-oxobutanoate => isoleucine"
52,42,M00570,0.0006618530498270445,0.06519252540796389,0.1,0.3333333333333333,0.15384615384615383,2.0,6.0,20.0,kegg_module,,"Isoleucine biosynthesis, threonine => 2-oxobutanoate => isoleucine"
53,43,M00051,8.369952513169712e-15,1.6488806450944334e-12,0.6666666666666666,0.6666666666666666,0.6666666666666666,6.0,9.0,9.0,kegg_module,,"De novo pyrimidine biosynthesis, glutamine (+ PRPP) => UMP"
54,44,M00212,7.985367776094377e-07,0.00015731174518905923,0.2727272727272727,0.5,0.3529411764705882,3.0,6.0,11.0,kegg_module,,
55,45,M00175,2.3593703195131486e-07,2.3239797647204515e-05,0.15789473684210525,1.0,0.2727272727272727,3.0,3.0,19.0,kegg_module,,"Nitrogen fixation, nitrogen => ammonia"
56,45,M00238,2.3593703195131486e-07,2.3239797647204515e-05,0.15789473684210525,1.0,0.2727272727272727,3.0,3.0,19.0,kegg_module,,
57,45,M00188,8.206226269475278e-05,0.005388755250288766,0.15789473684210525,0.21428571428571427,0.18181818181818182,3.0,14.0,19.0,kegg_module,,
58,46,M00123,2.6153649607312253e-05,0.0017174229908801712,0.028169014084507043,0.8,0.054421768707483,4.0,5.0,142.0,kegg_module,,"Biotin biosynthesis, pimeloyl-ACP/CoA => biotin"
59,46,M00573,2.6153649607312253e-05,0.0017174229908801712,0.028169014084507043,0.8,0.054421768707483,4.0,5.0,142.0,kegg_module,,"Biotin biosynthesis, BioI pathway, long-chain-acyl-ACP => pimeloyl-ACP => biotin"
60,46,M00577,2.6153649607312253e-05,0.0017174229908801712,0.028169014084507043,0.8,0.054421768707483,4.0,5.0,142.0,kegg_module,,"Biotin biosynthesis, BioW pathway, pimelate => pimeloyl-CoA => biotin"
61,46,M00258,0.0017183787484246753,0.08463015335991526,0.035211267605633804,0.2631578947368421,0.062111801242236024,5.0,19.0,142.0,kegg_module,,
62,49,M00323,8.209109457888763e-11,1.6171945632040864e-08,0.16666666666666666,1.0,0.2857142857142857,5.0,5.0,30.0,kegg_module,,
63,49,M00237,9.178415843877938e-09,9.04073960621977e-07,0.13333333333333333,1.0,0.23529411764705882,4.0,4.0,30.0,kegg_module,,
64,49,M00627,0.00030613255994554005,0.02010270476975713,0.06666666666666667,0.6666666666666666,0.1212121212121212,2.0,3.0,30.0,kegg_module,,"beta-Lactam resistance, Bla system"
65,51,M00048,6.987330193512859e-16,1.3765040481220334e-13,0.8571428571428571,0.6666666666666666,0.75,6.0,9.0,7.0,kegg_module,,"De novo purine biosynthesis, PRPP + glutamine => IMP"
66,52,M00159,1.0050001333619132e-08,1.9798502627229694e-06,0.16666666666666666,0.5555555555555556,0.2564102564102564,5.0,9.0,30.0,kegg_module,,"V/A-type ATPase, prokaryotes"
67,52,M00506,0.000204234556423991,0.020117103807763114,0.1,0.25,0.14285714285714288,3.0,12.0,30.0,kegg_module,,
68,59,M00245,2.4348506909320416e-09,2.398327930568061e-07,0.6,1.0,0.7499999999999999,3.0,3.0,5.0,kegg_module,,
69,59,M00246,2.4348506909320416e-09,2.398327930568061e-07,0.6,1.0,0.7499999999999999,3.0,3.0,5.0,kegg_module,,
70,60,M00157,2.792457378361744e-15,5.501141035372636e-13,0.6666666666666666,0.75,0.7058823529411765,6.0,8.0,9.0,kegg_module,,"F-type ATPase, prokaryotes and chloroplasts"
71,63,M00144,8.168438437609072e-08,1.6091823722089875e-05,0.75,0.3333333333333333,0.46153846153846156,3.0,9.0,4.0,kegg_module,,"NADH:quinone oxidoreductase, prokaryotes"
72,65,M00506,9.30673083419399e-05,0.018334259743362162,0.5,0.16666666666666666,0.25,2.0,12.0,4.0,kegg_module,,
73,66,M00307,2.9377423359909355e-09,5.787352401902144e-07,0.5,0.4444444444444444,0.47058823529411764,4.0,9.0,8.0,kegg_module,,"Pyruvate oxidation, pyruvate => acetyl-CoA"
74,66,M00374,7.677134801505753e-09,7.561977779483167e-07,0.5,0.36363636363636365,0.4210526315789474,4.0,11.0,8.0,kegg_module,,Dicarboxylate-hydroxybutyrate cycle
75,66,M00620,2.3210342130670847e-08,1.5241457999140523e-06,0.5,0.2857142857142857,0.36363636363636365,4.0,14.0,8.0,kegg_module,,"Incomplete reductive citrate cycle, acetyl-CoA => oxoglutarate"
76,66,M00173,8.937841534567063e-08,4.401886955774279e-06,0.5,0.21052631578947367,0.2962962962962963,4.0,19.0,8.0,kegg_module,,Reductive citrate cycle (Arnon-Buchanan cycle)
77,66,M00144,0.0002357062883175182,0.009286827759710218,0.25,0.2222222222222222,0.23529411764705882,2.0,9.0,8.0,kegg_module,,"NADH:quinone oxidoreductase, prokaryotes"
0,23, carbamoyl-phosphate synthase (glutamine-hydrolyzing) activity,8.499576791905571e-06,0.002541373460779766,0.2222222222222222,1.0,0.3636363636363636,2.0,3.0,9.0,GO_MF,,
1,26, glutaminyl-tRNA synthase (glutamine-hydrolyzing) activity,0.00014809492357455956,0.04428038214879331,0.09523809523809523,0.6666666666666666,0.16666666666666666,2.0,6.0,21.0,GO_MF,,
2,27, structural constituent of ribosome,4.4384277028032596e-42,1.3270898831381747e-39,0.5714285714285714,0.7741935483870968,0.6575342465753424,24.0,31.0,42.0,GO_MF,,
3,27,rRNA binding,1.3230744748167287e-34,1.9779963398510093e-32,0.4523809523809524,0.8636363636363636,0.59375,19.0,22.0,42.0,GO_MF,,
4,27,structural constituent of ribosome,9.935150262604567e-09,9.902033095062552e-07,0.14285714285714285,0.46153846153846156,0.21818181818181817,6.0,13.0,42.0,GO_MF,,
5,27, tRNA binding,6.865536341870163e-08,5.131988415547947e-06,0.14285714285714285,0.35294117647058826,0.20338983050847456,6.0,18.0,42.0,GO_MF,,
6,27,large ribosomal subunit rRNA binding,0.00020328154493974156,0.012156236387396546,0.047619047619047616,1.0,0.0909090909090909,2.0,2.0,42.0,GO_MF,,
7,27,mRNA binding,0.0006042542176328449,0.030112001845370107,0.047619047619047616,0.6666666666666666,0.08888888888888889,2.0,3.0,42.0,GO_MF,,
8,27, rRNA binding,0.001977471627256382,0.0844662880785226,0.047619047619047616,0.4,0.0851063829787234,2.0,5.0,42.0,GO_MF,,
9,49, glutaminyl-tRNA synthase (glutamine-hydrolyzing) activity,0.00030613255994554005,0.09153363542371648,0.06666666666666667,0.6666666666666666,0.1212121212121212,2.0,6.0,30.0,GO_MF,,
10,60," proton-transporting ATPase activity, rotational mechanism",2.0452745803829158e-08,6.1153709953449184e-06,0.3333333333333333,1.0,0.5,3.0,3.0,9.0,GO_MF,,
11,60," proton-transporting ATP synthase activity, rotational mechanism",8.499576791905571e-06,0.001270686730389883,0.2222222222222222,1.0,0.3636363636363636,2.0,4.0,9.0,GO_MF,,
0,2,L-tryptophan biosynthetic process,2.4348506909320416e-09,5.527111068415734e-07,0.6,1.0,0.7499999999999999,3.0,3.0,5.0,GO_BP,,
1,23, L-arginine biosynthetic process,8.499576791905571e-06,0.0009647019658812823,0.2222222222222222,1.0,0.3636363636363636,2.0,2.0,9.0,GO_BP,,
2,23, glutamine metabolic process,8.499576791905571e-06,0.0009647019658812823,0.2222222222222222,1.0,0.3636363636363636,2.0,2.0,9.0,GO_BP,,
3,25,protoporphyrinogen IX biosynthetic process,0.0001404791164217726,0.03188875942774238,0.05714285714285714,1.0,0.1081081081081081,2.0,2.0,35.0,GO_BP,,
4,27,translation,9.117402959133263e-36,2.0696504717232504e-33,0.5476190476190477,0.5897435897435898,0.5679012345679013,23.0,39.0,42.0,GO_BP,,
5,27, translation,5.9164820241804967e-08,6.715207097444863e-06,0.11904761904761904,0.5555555555555556,0.196078431372549,5.0,9.0,42.0,GO_BP,,
6,27,cytoplasmic translation,0.00020328154493974156,0.015381636900440445,0.047619047619047616,1.0,0.0909090909090909,2.0,2.0,42.0,GO_BP,,
7,40,L-histidine biosynthetic process,0.0001035245070877457,0.023500063108918272,0.2857142857142857,0.2857142857142857,0.2857142857142857,2.0,7.0,7.0,GO_BP,,
8,46,biotin biosynthetic process,0.00043869375570944693,0.09958348254604445,0.02112676056338028,0.75,0.0410958904109589,3.0,4.0,142.0,GO_BP,,
9,49,urea catabolic process,0.00010270321956885898,0.023313630842130985,0.06666666666666667,1.0,0.125,2.0,2.0,30.0,GO_BP,,
10,51,'de novo' IMP biosynthetic process,8.521977418262146e-09,1.934488873945507e-06,0.42857142857142855,1.0,0.6,3.0,3.0,7.0,GO_BP,,
11,52, protein secretion,4.556371484107412e-08,1.0342963268923824e-05,0.13333333333333333,0.8,0.2285714285714286,4.0,5.0,30.0,GO_BP,,
12,52,bacterial-type flagellum assembly,3.926662274542001e-06,0.00044567616816051713,0.1,0.75,0.17647058823529416,3.0,4.0,30.0,GO_BP,,
13,60,proton motive force-driven plasma membrane ATP synthesis,8.499576791905571e-06,0.0019294039317625646,0.2222222222222222,1.0,0.3636363636363636,2.0,2.0,9.0,GO_BP,,
0,0,Tnp_DDE_dom,6.749406115263619e-06,0.03155347358885742,0.05357142857142857,1.0,0.10169491525423728,3.0,3.0,56.0,interpro,,
1,7,Dockerin_1_rpt,3.7933250808348765e-31,5.9112649176343495e-28,0.7586206896551724,0.2972972972972973,0.42718446601941745,22.0,74.0,29.0,interpro,,
2,7,Dockerin_dom,2.6718773198312575e-31,5.9112649176343495e-28,0.7586206896551724,0.3013698630136986,0.4313725490196078,22.0,73.0,29.0,interpro,,
3,7,Dockerin_dom_sf,3.7933250808348765e-31,5.9112649176343495e-28,0.7586206896551724,0.2972972972972973,0.42718446601941745,22.0,74.0,29.0,interpro,,
4,7,EF_Hand_1_Ca_BS,5.083463017605997e-21,5.94129740182701e-18,0.5517241379310345,0.2711864406779661,0.36363636363636365,16.0,59.0,29.0,interpro,,
5,7,Galactose-bd-like_sf,2.1736180288802594e-17,2.0323328570030425e-14,0.41379310344827586,0.36363636363636365,0.3870967741935484,12.0,33.0,29.0,interpro,,
6,7,CBM6,5.669688704410676e-15,4.417632448853319e-12,0.3103448275862069,0.5294117647058824,0.391304347826087,9.0,17.0,29.0,interpro,,
7,7,GH_hydrolase_sf,3.3341960509909555e-11,2.226766648340388e-08,0.3103448275862069,0.23684210526315788,0.2686567164179104,9.0,38.0,29.0,interpro,,
8,7,Cellulose-bd_IV,5.162248822298175e-08,3.016689155530496e-05,0.1724137931034483,0.4166666666666667,0.2439024390243903,5.0,12.0,29.0,interpro,,
9,7,AbfB_ABD,3.5349138886721886e-06,0.0016525722429542482,0.10344827586206896,0.75,0.18181818181818182,3.0,4.0,29.0,interpro,,
10,7,AbfB_ABD_sf,3.5349138886721886e-06,0.0016525722429542482,0.10344827586206896,0.75,0.18181818181818182,3.0,4.0,29.0,interpro,,
11,7,SGNH_hydro_sf,1.7438387714491854e-05,0.007411314778659039,0.10344827586206896,0.5,0.17142857142857143,3.0,6.0,29.0,interpro,,
12,7,Glyco_hydro_beta-prop_sf,4.8175244943651264e-05,0.01876827250929747,0.10344827586206896,0.375,0.16216216216216217,3.0,8.0,29.0,interpro,,
13,7,GDSL,9.585633826426837e-05,0.03447141395272728,0.06896551724137931,1.0,0.12903225806451613,2.0,2.0,29.0,interpro,,
14,8,Flg_bb/hook_C_dom,4.414928789022961e-08,0.00020639792088682346,0.07042253521126761,0.8333333333333334,0.12987012987012989,5.0,6.0,71.0,interpro,,
15,8,Flag_bb_rod_N,1.515987115093927e-07,0.00035436198815320545,0.07042253521126761,0.7142857142857143,0.12820512820512822,5.0,7.0,71.0,interpro,,
16,8,Flagellar_FlgE/F/G,1.3916389124022082e-05,0.008132389894350405,0.04225352112676056,1.0,0.08108108108108109,3.0,3.0,71.0,interpro,,
17,8,Flagellin,1.3916389124022082e-05,0.008132389894350405,0.04225352112676056,1.0,0.08108108108108109,3.0,3.0,71.0,interpro,,
18,8,Flagellin_C,1.3916389124022082e-05,0.008132389894350405,0.04225352112676056,1.0,0.08108108108108109,3.0,3.0,71.0,interpro,,
19,8,Flagellin_N,1.3916389124022082e-05,0.008132389894350405,0.04225352112676056,1.0,0.08108108108108109,3.0,3.0,71.0,interpro,,
20,8,FlgE/F/G-like,1.3916389124022082e-05,0.008132389894350405,0.04225352112676056,1.0,0.08108108108108109,3.0,3.0,71.0,interpro,,
21,8,LlgE_F_G-like_D1,1.3916389124022082e-05,0.008132389894350405,0.04225352112676056,1.0,0.08108108108108109,3.0,3.0,71.0,interpro,,
22,10,2-IPM_HCS-like,1.8415749715795402e-05,0.0860936299213435,0.15384615384615385,1.0,0.2666666666666667,2.0,2.0,13.0,interpro,,
23,16,Dockerin_dom_sf,5.945572912639307e-23,9.265184455529587e-20,0.5588235294117647,0.25675675675675674,0.3518518518518518,19.0,74.0,34.0,interpro,,
24,16,Dockerin_dom,4.441271270698255e-23,9.265184455529587e-20,0.5588235294117647,0.2602739726027397,0.3551401869158879,19.0,73.0,34.0,interpro,,
25,16,Dockerin_1_rpt,5.945572912639307e-23,9.265184455529587e-20,0.5588235294117647,0.25675675675675674,0.3518518518518518,19.0,74.0,34.0,interpro,,
26,16,Glyco_hydro_9,1.284119770530321e-21,1.5008149818073129e-18,0.35294117647058826,0.75,0.48,12.0,16.0,34.0,interpro,,
27,16,6hp_glycosidase-like_sf,5.245658997904154e-20,4.904691163040384e-17,0.38235294117647056,0.5,0.4333333333333333,13.0,26.0,34.0,interpro,,
28,16,6-hairpin_glycosidase_sf,1.0048300680533519e-19,7.829300946915701e-17,0.38235294117647056,0.48148148148148145,0.4262295081967213,13.0,27.0,34.0,interpro,,
29,16,CBM2/CBM3_carb-bd_dom_sf,3.4436925613321895e-18,2.2998946748897124e-15,0.35294117647058826,0.48,0.4067796610169491,12.0,25.0,34.0,interpro,,
30,16,EF_Hand_1_Ca_BS,8.363455713590191e-18,4.887394432629268e-15,0.4411764705882353,0.2542372881355932,0.3225806451612903,15.0,59.0,34.0,interpro,,
31,16,Glyco_hydro_9_Asp/Glu_AS,6.348308819704878e-15,3.297593748013367e-12,0.23529411764705882,0.8,0.3636363636363636,8.0,10.0,34.0,interpro,,
32,16,Glyco_hydro_9_His_AS,2.309174282847193e-14,1.0795389772310627e-11,0.23529411764705882,0.7272727272727273,0.3555555555555555,8.0,11.0,34.0,interpro,,
33,16,CBM3_sf,1.0970962653378866e-13,4.27410420037885e-11,0.2647058823529412,0.47368421052631576,0.339622641509434,9.0,19.0,34.0,interpro,,
34,16,CBM3,1.0970962653378866e-13,4.27410420037885e-11,0.2647058823529412,0.47368421052631576,0.339622641509434,9.0,19.0,34.0,interpro,,
35,16,Galactose-bd-like_sf,1.4156136462191435e-06,0.0005090764458518843,0.17647058823529413,0.18181818181818182,0.17910447761194032,6.0,33.0,34.0,interpro,,
36,16,Cellulase_Ig-like,5.781462202958266e-06,0.0019305954142021353,0.08823529411764706,0.75,0.15789473684210525,3.0,4.0,34.0,interpro,,
37,16,Ig-like_fold,1.5576381606607104e-05,0.004854638934059214,0.14705882352941177,0.1724137931034483,0.15873015873015872,5.0,29.0,34.0,interpro,,
38,16,Cohesin_dom,2.8447101363639423e-05,0.008311887429688395,0.08823529411764706,0.5,0.15,3.0,6.0,34.0,interpro,,
39,16,Ig_E-set,7.838448335885156e-05,0.02155573292368418,0.08823529411764706,0.375,0.14285714285714285,3.0,8.0,34.0,interpro,,
40,16,Glyco_hydro_26,0.00013245173834052848,0.03440065981899837,0.058823529411764705,1.0,0.1111111111111111,2.0,2.0,34.0,interpro,,
41,16,GH26_dom,0.000394441185714678,0.09705329174821681,0.058823529411764705,0.6666666666666666,0.10810810810810811,2.0,3.0,34.0,interpro,,
42,18,LysM,7.177132107097465e-06,0.016776546300340325,0.046296296296296294,0.5555555555555556,0.08547008547008547,5.0,9.0,108.0,interpro,,
43,18,LysM_dom_sf,7.177132107097465e-06,0.016776546300340325,0.046296296296296294,0.5555555555555556,0.08547008547008547,5.0,9.0,108.0,interpro,,
44,26,Gln_synth/guanido_kin_cat_dom,1.1125231869717682e-05,0.05201045899093017,0.14285714285714285,0.42857142857142855,0.21428571428571427,3.0,7.0,21.0,interpro,,
45,28,Thioredoxin_domain,1.6905596865350797e-06,0.007903366534551497,0.05555555555555555,0.8,0.10389610389610389,4.0,5.0,72.0,interpro,,
46,28,AhpC/TSA,1.4521449520718695e-05,0.03394388825467995,0.041666666666666664,1.0,0.07999999999999999,3.0,3.0,72.0,interpro,,
47,28,Thioredoxin-like_sf,2.844858932905602e-05,0.04433238503777897,0.06944444444444445,0.3125,0.11363636363636365,5.0,16.0,72.0,interpro,,
48,33,GSIII_N,3.887604355676644e-05,0.04543637590697078,0.18181818181818182,0.6666666666666666,0.28571428571428575,2.0,3.0,11.0,interpro,,
49,33,GS_Type-3,3.887604355676644e-05,0.04543637590697078,0.18181818181818182,0.6666666666666666,0.28571428571428575,2.0,3.0,11.0,interpro,,
50,33,Gln-synt_C,3.887604355676644e-05,0.04543637590697078,0.18181818181818182,0.6666666666666666,0.28571428571428575,2.0,3.0,11.0,interpro,,
51,33,Gln_synth_gly_rich_site,3.887604355676644e-05,0.04543637590697078,0.18181818181818182,0.6666666666666666,0.28571428571428575,2.0,3.0,11.0,interpro,,
52,33,Gln_synt_N,7.759171853631984e-05,0.06045688069288254,0.18181818181818182,0.5,0.26666666666666666,2.0,4.0,11.0,interpro,,
53,33,Gln_synth_cat_dom,7.759171853631984e-05,0.06045688069288254,0.18181818181818182,0.5,0.26666666666666666,2.0,4.0,11.0,interpro,,
54,35,Methanogen_methyltrans,3.6123201365598674e-05,0.042218991596043455,0.1111111111111111,1.0,0.19999999999999998,2.0,2.0,18.0,interpro,,
55,35,Mtase_MtaA_CmuA,3.6123201365598674e-05,0.042218991596043455,0.1111111111111111,1.0,0.19999999999999998,2.0,2.0,18.0,interpro,,
56,35,UROD/MetE-like_sf,3.6123201365598674e-05,0.042218991596043455,0.1111111111111111,1.0,0.19999999999999998,2.0,2.0,18.0,interpro,,
57,35,Uroporphyrinogen_deCOase,3.6123201365598674e-05,0.042218991596043455,0.1111111111111111,1.0,0.19999999999999998,2.0,2.0,18.0,interpro,,
58,39,FAD/NAD-binding_dom,2.2789849205561805e-06,0.006067100080397189,0.0975609756097561,0.5,0.163265306122449,4.0,8.0,41.0,interpro,,
59,39,Ferredoxin-NADP_redctase_2,2.5955508365335564e-06,0.006067100080397189,0.07317073170731707,1.0,0.13636363636363635,3.0,3.0,41.0,interpro,,
60,42,Beta-lactam_resp_regulator,2.7514432405025626e-06,0.006431498574674741,0.15,0.6,0.24,3.0,5.0,20.0,interpro,,
61,42,Peptidase_M56,2.7514432405025626e-06,0.006431498574674741,0.15,0.6,0.24,3.0,5.0,20.0,interpro,,
62,48,Beta-glucanase-like,1.8415749715795402e-05,0.04304681496067175,0.15384615384615385,1.0,0.2666666666666667,2.0,2.0,13.0,interpro,,
63,48,DRTGG,1.8415749715795402e-05,0.04304681496067175,0.15384615384615385,1.0,0.2666666666666667,2.0,2.0,13.0,interpro,,
64,48,HTH_LacI,5.51079756878649e-05,0.06440744658519211,0.15384615384615385,0.6666666666666666,0.25,2.0,3.0,13.0,interpro,,
65,48,Ser_kin/Pase_Hpr-like_N_sf,5.51079756878649e-05,0.06440744658519211,0.15384615384615385,0.6666666666666666,0.25,2.0,3.0,13.0,interpro,,
66,49,Gln_synth/guanido_kin_cat_dom,3.143982213498365e-07,0.0014698116848104856,0.13333333333333333,0.5714285714285714,0.21621621621621623,4.0,7.0,30.0,interpro,,
67,49,Gln_synt_N,3.926662274542001e-06,0.0061190487111612854,0.1,0.75,0.17647058823529416,3.0,4.0,30.0,interpro,,
68,49,Gln_synth_cat_dom,3.926662274542001e-06,0.0061190487111612854,0.1,0.75,0.17647058823529416,3.0,4.0,30.0,interpro,,
69,52,ATPase_F1/V1/A1_a/bsu_N,9.748310114093393e-06,0.015191116594462204,0.1,0.6,0.17142857142857143,3.0,5.0,30.0,interpro,,
70,52,ATPase_F1/V1/A1_a/bsu_nucl-bd,9.748310114093393e-06,0.015191116594462204,0.1,0.6,0.17142857142857143,3.0,5.0,30.0,interpro,,
71,52,ATPase_a/bsu_AS,9.748310114093393e-06,0.015191116594462204,0.1,0.6,0.17142857142857143,3.0,5.0,30.0,interpro,,
72,52,DUF155,0.00010270321956885898,0.09602751029688314,0.06666666666666667,1.0,0.125,2.0,2.0,30.0,interpro,,
73,52,RMD1/Sad1-interacting,0.00010270321956885898,0.09602751029688314,0.06666666666666667,1.0,0.125,2.0,2.0,30.0,interpro,,
74,56,HTH_LacI,1.4857215430998224e-05,0.0693778838523856,0.2857142857142857,0.6666666666666666,0.4,2.0,3.0,7.0,interpro,,
75,56,LacI/GalR-like_sensor,2.968037811866763e-05,0.0693778838523856,0.2857142857142857,0.5,0.36363636363636365,2.0,4.0,7.0,interpro,,
76,63,Thioredoxin-like_sf,5.435779048688477e-07,0.0025412267052618634,0.75,0.1875,0.3,3.0,16.0,4.0,interpro,,
0,0,DDE_Tnp_1_3,2.2004187650340913e-09,4.209401097510217e-06,0.08928571428571429,1.0,0.1639344262295082,5.0,5.0,56.0,pfam,,
1,7,Dockerin_1,7.034337371555626e-27,1.3456687391785912e-23,0.6551724137931034,0.31666666666666665,0.42696629213483145,19.0,60.0,29.0,pfam,,
2,7,CBM_6,5.162248822298175e-08,4.937690998528204e-05,0.1724137931034483,0.4166666666666667,0.2439024390243903,5.0,12.0,29.0,pfam,,
3,7,AbfB,3.5349138886721886e-06,0.0011270483781716494,0.10344827586206896,0.75,0.18181818181818182,3.0,4.0,29.0,pfam,,
4,7,CBM_35,3.5349138886721886e-06,0.0011270483781716494,0.10344827586206896,0.75,0.18181818181818182,3.0,4.0,29.0,pfam,,
5,7,F5_F8_type_C,3.5349138886721886e-06,0.0011270483781716494,0.10344827586206896,0.75,0.18181818181818182,3.0,4.0,29.0,pfam,,
6,7,Glyco_hydro_11,3.5349138886721886e-06,0.0011270483781716494,0.10344827586206896,0.75,0.18181818181818182,3.0,4.0,29.0,pfam,,
7,7,Glyco_hydro_10,1.7438387714491854e-05,0.004765662242546131,0.10344827586206896,0.5,0.17142857142857143,3.0,6.0,29.0,pfam,,
8,7,RicinB_lectin_2,3.031264972820541e-05,0.00724851236625712,0.10344827586206896,0.42857142857142855,0.16666666666666663,3.0,7.0,29.0,pfam,,
9,7,Big_3,0.0002857896259078721,0.04970141403288721,0.06896551724137931,0.6666666666666666,0.125,2.0,3.0,29.0,pfam,,
10,7,Big_4,0.0002857896259078721,0.04970141403288721,0.06896551724137931,0.6666666666666666,0.125,2.0,3.0,29.0,pfam,,
11,7,CBM_4_9,0.0002379086109150104,0.04970141403288721,0.10344827586206896,0.23076923076923078,0.14285714285714288,3.0,13.0,29.0,pfam,,
12,7,Lipase_GDSL_2,0.0005680443379270718,0.09055573487120737,0.06896551724137931,0.5,0.1212121212121212,2.0,4.0,29.0,pfam,,
13,8,Flg_bbr_C,4.414928789022961e-08,8.445758773400926e-05,0.07042253521126761,0.8333333333333334,0.12987012987012989,5.0,6.0,71.0,pfam,,
14,8,Flg_bb_rod,1.515987115093927e-07,0.00014500416755873412,0.07042253521126761,0.7142857142857143,0.12820512820512822,5.0,7.0,71.0,pfam,,
15,8,Flagellin_C,1.3916389124022082e-05,0.006655513098563561,0.04225352112676056,1.0,0.08108108108108109,3.0,3.0,71.0,pfam,,
16,8,Flagellin_N,1.3916389124022082e-05,0.006655513098563561,0.04225352112676056,1.0,0.08108108108108109,3.0,3.0,71.0,pfam,,
17,8,MCPsignal,5.014713366749481e-05,0.019186293341183516,0.07042253521126761,0.2777777777777778,0.11235955056179775,5.0,18.0,71.0,pfam,,
18,11,Transposase_mut,1.0539669828347988e-20,2.0162388381629702e-17,0.4230769230769231,0.6875,0.5238095238095238,11.0,16.0,26.0,pfam,,
19,11,Y1_Tnp,1.2281904115194463e-10,1.1747641286183504e-07,0.23076923076923078,0.5454545454545454,0.3243243243243243,6.0,11.0,26.0,pfam,,
20,11,HTH_21,4.660499243438747e-09,2.2288837631745807e-06,0.19230769230769232,0.5555555555555556,0.28571428571428575,5.0,9.0,26.0,pfam,,
21,11,HTH_Tnp_1,4.660499243438747e-09,2.2288837631745807e-06,0.19230769230769232,0.5555555555555556,0.28571428571428575,5.0,9.0,26.0,pfam,,
22,11,rve,9.264840015328925e-09,3.5447277898648465e-06,0.19230769230769232,0.5,0.2777777777777778,5.0,10.0,26.0,pfam,,
23,11,DDE_Tnp_1_3,6.255733889511754e-06,0.001994536488439331,0.11538461538461539,0.6,0.1935483870967742,3.0,5.0,26.0,pfam,,
24,14,Transposase_mut,7.320946103690545e-09,1.4004969896360013e-05,0.3333333333333333,0.3125,0.3225806451612903,5.0,16.0,15.0,pfam,,
25,14,HTH_21,5.673559491351153e-08,3.617839768984918e-05,0.26666666666666666,0.4444444444444444,0.33333333333333337,4.0,9.0,15.0,pfam,,
26,14,HTH_Tnp_1,5.673559491351153e-08,3.617839768984918e-05,0.26666666666666666,0.4444444444444444,0.33333333333333337,4.0,9.0,15.0,pfam,,
27,14,rve,9.42728484045904e-08,4.508598974949536e-05,0.26666666666666666,0.4,0.32,4.0,10.0,15.0,pfam,,
28,14,Y1_Tnp,1.4769416252741407e-07,5.650778658298862e-05,0.26666666666666666,0.36363636363636365,0.30769230769230765,4.0,11.0,15.0,pfam,,
29,16,Glyco_hydro_9,1.2914931037116297e-20,2.4706263074003476e-17,0.35294117647058826,0.6666666666666666,0.46153846153846156,12.0,18.0,34.0,pfam,,
30,16,Dockerin_1,5.131423219460116e-16,4.9082063094136e-13,0.4117647058823529,0.23333333333333334,0.2978723404255319,14.0,60.0,34.0,pfam,,
31,16,CBM_3,1.9512612970738035e-14,1.2442542871007286e-11,0.29411764705882354,0.4166666666666667,0.3448275862068966,10.0,24.0,34.0,pfam,,
32,16,Cohesin,8.75416270455278e-09,4.186678313452367e-06,0.14705882352941177,0.625,0.2380952380952381,5.0,8.0,34.0,pfam,,
33,16,CBM_35,5.781462202958266e-06,0.0022119874388518324,0.08823529411764706,0.75,0.15789473684210525,3.0,4.0,34.0,pfam,,
34,16,CBM_X2,2.8447101363639423e-05,0.00906988415144037,0.08823529411764706,0.5,0.15,3.0,6.0,34.0,pfam,,
35,16,Big_3_5,0.00013245173834052848,0.036197167920775854,0.058823529411764705,1.0,0.1111111111111111,2.0,2.0,34.0,pfam,,
36,16,CBM_4_9,0.0003846004633386262,0.0754565988272179,0.08823529411764706,0.23076923076923078,0.12765957446808512,3.0,13.0,34.0,pfam,,
37,16,CelD_N,0.000394441185714678,0.0754565988272179,0.058823529411764705,0.6666666666666666,0.10810810810810811,2.0,3.0,34.0,pfam,,
38,16,Flg_new,0.000394441185714678,0.0754565988272179,0.058823529411764705,0.6666666666666666,0.10810810810810811,2.0,3.0,34.0,pfam,,
39,19,Transposase_mut,2.019756673284566e-08,3.863794515993375e-05,0.16216216216216217,0.375,0.22641509433962265,6.0,16.0,37.0,pfam,,
40,25,NAD_binding_7,0.0001404791164217726,0.0537473099429702,0.05714285714285714,1.0,0.1081081081081081,2.0,2.0,35.0,pfam,,
41,25,PAPS_reduct,0.0001404791164217726,0.0537473099429702,0.05714285714285714,1.0,0.1081081081081081,2.0,2.0,35.0,pfam,,
42,25,Porphobil_deam,0.0001404791164217726,0.0537473099429702,0.05714285714285714,1.0,0.1081081081081081,2.0,2.0,35.0,pfam,,
43,25,Porphobil_deamC,0.0001404791164217726,0.0537473099429702,0.05714285714285714,1.0,0.1081081081081081,2.0,2.0,35.0,pfam,,
44,25,URO-D,0.0001404791164217726,0.0537473099429702,0.05714285714285714,1.0,0.1081081081081081,2.0,2.0,35.0,pfam,,
45,26,GATase_2,4.958086461944916e-05,0.04742409700850312,0.09523809523809523,1.0,0.17391304347826084,2.0,2.0,21.0,pfam,,
46,26,GXGXG,4.958086461944916e-05,0.04742409700850312,0.09523809523809523,1.0,0.17391304347826084,2.0,2.0,21.0,pfam,,
47,28,AhpC-TSA,1.6905596865350797e-06,0.0032340406803416074,0.05555555555555555,0.8,0.10389610389610389,4.0,5.0,72.0,pfam,,
48,33,GSIII_N,3.887604355676644e-05,0.07421647877998992,0.18181818181818182,0.6666666666666666,0.28571428571428575,2.0,3.0,11.0,pfam,,
49,33,Gln-synt_C,7.759171853631984e-05,0.07421647877998992,0.18181818181818182,0.5,0.26666666666666666,2.0,4.0,11.0,pfam,,
50,35,URO-D,3.6123201365598674e-05,0.06910368421239027,0.1111111111111111,1.0,0.19999999999999998,2.0,2.0,18.0,pfam,,
51,37,dCache_1,1.032187405177318e-06,0.0019745745061042095,0.10638297872340426,0.38461538461538464,0.16666666666666669,5.0,13.0,47.0,pfam,,
52,38,BPD_transp_1,6.386922515659476e-06,0.012218182772456579,0.5,0.14285714285714285,0.22222222222222224,3.0,21.0,6.0,pfam,,
53,39,Pyr_redox_2,1.041916045105475e-05,0.019931853942867738,0.0975609756097561,0.36363636363636365,0.15384615384615385,4.0,11.0,41.0,pfam,,
54,41,GATase_2,3.6123201365598674e-05,0.06910368421239027,0.1111111111111111,1.0,0.19999999999999998,2.0,2.0,18.0,pfam,,
55,42,DUF4825,2.775729787662527e-07,0.0005309971083798414,0.15,1.0,0.2608695652173913,3.0,3.0,20.0,pfam,,
56,42,Peptidase_M56,2.7514432405025626e-06,0.0026317554595407014,0.15,0.6,0.24,3.0,5.0,20.0,pfam,,
57,42,DUF5301,4.4858877512834955e-05,0.028605010894017756,0.1,1.0,0.18181818181818182,2.0,2.0,20.0,pfam,,
58,42,DUF4829,0.00013402148658097236,0.06409577595735003,0.1,0.6666666666666666,0.1739130434782609,2.0,3.0,20.0,pfam,,
59,45,Nitro_FeMo-Co,4.0372989761551464e-05,0.038616764706923976,0.10526315789473684,1.0,0.1904761904761905,2.0,2.0,19.0,pfam,,
60,45,Oxidored_nitro,4.0372989761551464e-05,0.038616764706923976,0.10526315789473684,1.0,0.1904761904761905,2.0,2.0,19.0,pfam,,
61,48,DRTGG,1.8415749715795402e-05,0.011743109735438868,0.15384615384615385,1.0,0.2666666666666667,2.0,2.0,13.0,pfam,,
62,48,Glyco_hydro_16,1.8415749715795402e-05,0.011743109735438868,0.15384615384615385,1.0,0.2666666666666667,2.0,2.0,13.0,pfam,,
63,48,Peripla_BP_1,1.8415749715795402e-05,0.011743109735438868,0.15384615384615385,1.0,0.2666666666666667,2.0,2.0,13.0,pfam,,
64,48,LacI,5.51079756878649e-05,0.02635538937272139,0.15384615384615385,0.6666666666666666,0.25,2.0,3.0,13.0,pfam,,
65,48,Peripla_BP_3,0.00010993812285486215,0.04206232580427026,0.15384615384615385,0.5,0.23529411764705882,2.0,4.0,13.0,pfam,,
66,49,Gln-synt_C,3.926662274542001e-06,0.007511704931198849,0.1,0.75,0.17647058823529416,3.0,4.0,30.0,pfam,,
67,49,Urease_gamma,0.00010270321956885898,0.09823562951761362,0.06666666666666667,1.0,0.125,2.0,2.0,30.0,pfam,,
68,52,ATP-synt_ab,1.936090711459147e-05,0.018518707655106742,0.1,0.5,0.16666666666666669,3.0,6.0,30.0,pfam,,
69,52,ATP-synt_ab_N,9.748310114093393e-06,0.018518707655106742,0.1,0.6,0.17142857142857143,3.0,5.0,30.0,pfam,,
70,52,DUF155,0.00010270321956885898,0.04911781475880681,0.06666666666666667,1.0,0.125,2.0,2.0,30.0,pfam,,
71,52,FliMN_C,0.00010270321956885898,0.04911781475880681,0.06666666666666667,1.0,0.125,2.0,2.0,30.0,pfam,,
72,56,LacI,1.4857215430998224e-05,0.028389281670505587,0.2857142857142857,0.6666666666666666,0.4,2.0,3.0,7.0,pfam,,
73,56,Peripla_BP_3,2.968037811866763e-05,0.028389281670505587,0.2857142857142857,0.5,0.36363636363636365,2.0,4.0,7.0,pfam,,
74,63,2Fe-2S_thioredx,2.3444229486278254e-11,4.48488110072503e-08,1.0,0.5,0.6666666666666666,4.0,8.0,4.0,pfam,,
75,66,Fer4,2.6858398638489788e-05,0.051380116595430965,0.375,0.125,0.1875,3.0,24.0,8.0,pfam,,
0,7,Sigma-16,3.42680483106935e-12,6.168248695924831e-11,0.2413793103448276,0.5833333333333334,0.34146341463414637,7.0,12.0,29.0,GRN,,
1,7,Sigma-13,3.5349138886721886e-06,3.18142249980497e-05,0.10344827586206896,0.75,0.18181818181818182,3.0,4.0,29.0,GRN,,
2,7,Sigma-17,9.585633826426837e-05,0.0005751380295856103,0.06896551724137931,1.0,0.12903225806451613,2.0,2.0,29.0,GRN,,
3,25,LexA_1449,1.9598518529335413e-05,0.00035277333352803746,0.2,0.0945945945945946,0.12844036697247707,7.0,74.0,35.0,GRN,,
4,25,Xre_0026,0.0014181180062149228,0.012763062055934306,0.11428571428571428,0.09523809523809523,0.1038961038961039,4.0,42.0,35.0,GRN,,
5,25,Fur_1691,0.016000794902221924,0.09600476941333155,0.08571428571428572,0.06666666666666667,0.075,3.0,45.0,35.0,GRN,,
6,39,Xre_2225,0.00019360147137118243,0.003484826484681284,0.04878048780487805,1.0,0.09302325581395349,2.0,2.0,41.0,GRN,,
7,42,BlaI_0696,1.1054238882709672e-06,1.989762998887741e-05,0.15,0.75,0.24999999999999997,3.0,4.0,20.0,GRN,,
8,46,TetR_0692,0.0002019076226726994,0.0036343372081085895,0.056338028169014086,0.22857142857142856,0.0903954802259887,8.0,35.0,142.0,GRN,,
9,48,GlyR3,5.51079756878649e-05,0.0009919435623815683,0.15384615384615385,0.6666666666666666,0.25,2.0,3.0,13.0,GRN,,
10,49,GlyR2,0.005177309772299086,0.09319157590138356,0.1,0.08571428571428572,0.09230769230769231,3.0,35.0,30.0,GRN,,
11,54,LexA_1449,0.0013695193029343892,0.02465134745281901,0.2,0.05405405405405406,0.0851063829787234,4.0,74.0,20.0,GRN,,
12,56,GlyR3,8.521977418262146e-09,1.5339559352871864e-07,0.42857142857142855,1.0,0.6,3.0,3.0,7.0,GRN,,
13,66,Rex_2471,3.0849413737215925e-10,5.552894472698867e-09,0.875,0.07142857142857142,0.1320754716981132,7.0,98.0,8.0,GRN,,
