,regulator,pvalue,qvalue,precision,recall,f1score,TP,regulon_size,imodulon_size,n_regs,explained_variance,single_gene
0,,,,,,,,,56.0,,0.005814322967225394,
1,,,,,,,,,36.0,,0.018511206671372737,
2,,,,,,,,,5.0,,0.013765850595296336,
3,,,,,,,,,13.0,,0.0015549778176230378,
4,,,,,,,,,9.0,,0.006901990548582759,True
5,,,,,,,,,40.0,,0.00897829617933854,
6,,,,,,,,,4.0,,0.0044992668329844054,
7,Sigma-16,3.42680483106935e-12,3.4268048310693496e-11,0.2413793103448276,0.5833333333333334,0.34146341463414637,7.0,12.0,29.0,1.0,0.009637466655324944,
8,,,,,,,,,71.0,,0.05958044036015375,
9,,,,,,,,,5.0,,0.008751438217797114,
10,,,,,,,,,13.0,,0.009545456513520234,
11,,,,,,,,,26.0,,0.005596692064216202,
12,,,,,,,,,8.0,,0.01677234177031306,
13,,,,,,,,,13.0,,0.023455832475541616,
14,,,,,,,,,15.0,,0.003940735301156129,
15,,,,,,,,,12.0,,0.009281719203068195,
16,,,,,,,,,34.0,,0.023022759916881408,
17,,,,,,,,,2.0,,0.01843718040088027,True
18,,,,,,,,,108.0,,0.016509032944192703,
19,,,,,,,,,37.0,,0.015495179909098877,
20,,,,,,,,,24.0,,0.008371367846264466,
21,,,,,,,,,17.0,,0.006841762823210695,
22,,,,,,,,,16.0,,0.011955482545981333,
23,,,,,,,,,9.0,,0.0073265098527836026,
24,,,,,,,,,71.0,,0.007427782003142758,
25,,,,,,,,,35.0,,0.013260681798345386,
26,,,,,,,,,21.0,,0.007898268746677428,
27,,,,,,,,,42.0,,0.02809040992883738,
28,,,,,,,,,72.0,,0.02829587244842946,
29,,,,,,,,,13.0,,0.004968741484345118,
30,,,,,,,,,4.0,,0.004420762790872224,
31,,,,,,,,,2.0,,0.004669387201440611,True
32,,,,,,,,,4.0,,0.005322999504743353,
33,,,,,,,,,11.0,,0.006837797358709818,True
34,,,,,,,,,11.0,,0.0076089249350859145,
35,,,,,,,,,18.0,,0.010719900950065364,
36,,,,,,,,,19.0,,0.0051138908812145,
37,,,,,,,,,47.0,,0.021862314917227565,
38,,,,,,,,,6.0,,0.007814445069388998,
39,,,,,,,,,41.0,,0.018590883902482647,
40,,,,,,,,,7.0,,0.007011094765854375,
41,,,,,,,,,18.0,,0.011929265048870596,
42,BlaI_0696,1.1054238882709672e-06,5.527119441354835e-06,0.15,0.75,0.24999999999999997,3.0,4.0,20.0,1.0,0.004402653269889201,
43,,,,,,,,,9.0,,0.01559160108173041,
44,,,,,,,,,11.0,,0.006654989369491937,
45,,,,,,,,,19.0,,0.03965438300611912,
46,,,,,,,,,142.0,,0.015211685441633316,
47,,,,,,,,,21.0,,0.0009600594708113475,
48,,,,,,,,,13.0,,0.004512560372648244,
49,,,,,,,,,30.0,,0.03866931325136591,
50,,,,,,,,,5.0,,0.006664211094780104,
51,,,,,,,,,7.0,,0.00504559790527781,
52,,,,,,,,,30.0,,0.016313652661861022,
53,,,,,,,,,24.0,,0.0011925446536688034,
54,,,,,,,,,20.0,,0.014482001929773447,
55,,,,,,,,,22.0,,0.006416474116586746,
56,GlyR3,8.521977418262146e-09,1.704395483652429e-08,0.42857142857142855,1.0,0.6,3.0,3.0,7.0,1.0,0.002189160921143962,True
57,,,,,,,,,0.0,,0.012058799530096698,
58,,,,,,,,,35.0,,0.008848078176747043,
59,,,,,,,,,5.0,,0.004564389154110393,
60,,,,,,,,,9.0,,0.012625512698170693,
61,,,,,,,,,14.0,,0.007005680438119666,
62,,,,,,,,,9.0,,0.02116228652920349,
63,,,,,,,,,4.0,,0.01334129282347074,
64,,,,,,,,,10.0,,0.010334131073033603,
65,,,,,,,,,4.0,,0.01059017184377109,
66,Rex_2471,3.0849413737215925e-10,3.0849413737215925e-10,0.875,0.07142857142857142,0.1320754716981132,7.0,98.0,8.0,1.0,0.009378602412997594,
